yard,treatment_grp,lab_ID,field_ID,nuc_year,date_collected,sampling_event,year,queen_breeder,queen_year_mated,overwinter_success,virgin_year,frame_of_bees_FHA,frame_of _bees_date,frame_of_bees,brood_amnt_FHA,brood_amnt,brood_pat,brood_swarm_cells,disease_present,FKB_start_date,FKB_end_date,FKB_start_uncapped,FKB_start_capped,FKB_end_capped,FKB_percentile,UBO_date,UBO_T0,UBO_T2,UBO_T0_capped,UBO_T2_capped,UBO_assay_score,RNA_ext_date,virus_count,varroa_count,nosema_count,varroa_load_mites/100bees,nosema_load_spores/bee,honey_removed,october_weight,queen_eval_pat,queen_eval_amt,pollen_sub_added,comments,,,,
Martin,,29,21G,,5/18/2021,1,2021,69,2019,,,16,,16,10,10,,,,,,,,,,,,,,,,,,0,0,0,0,,,,,,,,,,
Martin,,31,22G,,5/18/2021,1,2021,78,2019,,,12,,12,13.5,13.5,,,,,,,,,,,,,,,,,,0,7,0,350000,,,,,,,,,,
Martin,,26,16G,,5/26/2021,1,2021,NDQ,,,,12+,,12,,,,,,,,,,,,,,,,,,,,0,7,0,350000,,,,,,,,,,
Martin,,21,14G,,5/26/2021,1,2021,,,,,8,,8,,,,,,,,,,,,,,,,,,,,1,0,0.3333333333,0,,,,,,,,,,
Martin,,23,02G,,5/26/2021,1,2021,77,2019,,,12+,,12,,,,,,,,,,,,,,,,,,,,4,0,1.333333333,0,,,,,,,,,,
Martin,,24,25G,,5/26/2021,1,2021,67,2018,,,11 C/J,,11,,,,,,,,,,,,,,,,,,,,0,0,0,0,,,,,,,,,,
Martin,,22,14GA,,5/26/2021,1,2021,,,,,10,,10,,,,,,,,,,,,,,,,,,,,0,0,0,0,,,,,,,,,,
Martin,,32,18G,,5/26/2021,1,2021,,,,,12+,,12,,,,,,,,,,,,,,,,,,,,0,1,0,50000,,,,,,,,,,
Martin,,28,27G,,5/26/2021,1,2021,75,2020,,,10,,10,,,,,,,,,,,,,,,,,,,,1,1,0.3333333333,50000,,,,,,,,,,
Martin,,25,26G,,5/26/2021,1,2021,69,2017,,,8,,8,,,,,,,,,,,,,,,,,,,,0,0,0,0,,,,,,,,,,
Martin,,30,19G,,5/26/2021,1,2021,,,,,10,,10,,,,,,,,,,,,,,,,,,,,0,7,0,350000,,,,,,,,,,
Martin,,33,08G,,5/26/2021,1,2021,,,,,12+,,12,,,,,,,,,,,,,,,,,,,,0,5,0,250000,,,,,,,,,,
Martin,,27,11,,5/26/2021,1,2021,65,2020,,,10+,,10,,,,,,,,,,,,,,,,,,,,3,0,1,0,,,,,,,,,,
Fortin,,80,2,,5/25/2021,1,2021,,,,,10,,10,,,,,,,,,,,,,,,,,,,,0,64,0,3200000,,,,,,,,,,
Fortin,,75,4,,5/25/2021,1,2021,,,,,16+,,16,,,,,,,,,,,,,,,,,,,,0,93,0,4650000,,,,,,,,,,
Fortin,,73,9,,5/25/2021,1,2021,,,,,12+,,12,,,,,,,,,,,,,,,,,,,,0,44,0,2200000,,,,,,,,,,
Fortin,,74,6,,5/25/2021,1,2021,,,,,12+,,12,,,,,,,,,,,,,,,,,,,,0,40,0,2000000,,,,,,,,,,
Fortin,,81,10,,5/25/2021,1,2021,,,,,10,,10,,,,,,,,,,,,,,,,,,,,0,83,0,4150000,,,,,,,,,,
Fortin,,76,20,,5/25/2021,1,2021,,,,,12+,,12,,,,,,,,,,,,,,,,,,,,1,100,0.3333333333,5000000,,,,,,,,,,
Fortin,,78,21,,5/25/2021,1,2021,,,,,10+,,10,,,,,,,,,,,,,,,,,,,,0,128,0,6400000,,,,,,,,,,
Fortin,,79,22,,5/25/2021,1,2021,,,,,10,,10,,,,,,,,,,,,,,,,,,,,0,46,0,2300000,,,,,,,,,,
Fortin,,77,19,,5/25/2021,1,2021,,,,,12+,,12,,,,,,,,,,,,,,,,,,,,3,10,1,500000,,,,,,,,,,
Fortin,,82,25,,5/25/2021,1,2021,,,,,10,,10,,,,,,,,,,,,,,,,,,,,0,8,0,400000,,,,,,,,,,
Fortin,,83,16,,5/25/2021,1,2021,,,,,9,,9,,,,,,,,,,,,,,,,,,,,0,19,0,950000,,,,,,,,,,
Ferland,,68,3,,5/25/2021,1,2021,,,,,6,,6,,,,,,,,,,,,,,,,,,,,0,18,0,900000,,,,,,,,,,
Ferland,,67,1,,5/25/2021,1,2021,,,,,7,,7,,,,,,,,,,,,,,,,,,,,0,18,0,900000,,,,,,,,,,
Ferland,,69,18,,5/25/2021,1,2021,,,,,8+,,8,,,,,,,,,,,,,,,,,,,,2,18,0.6666666667,900000,,,,,,,,,,
Ferland,,70,22,,5/25/2021,1,2021,,,,,10,,10,,,,,,,,,,,,,,,,,,,,0,93,0,4650000,,,,,,,,,,
Ferland,,71,21,,5/25/2021,1,2021,,,,,10+,,10,,,,,,,,,,,,,,,,,,,,0,107,0,5350000,,,,,,,,,,
Ferland,,72,20,,5/25/2021,1,2021,,,,,10,,10,,,,,,,,,,,,,,,,,,,,NA,NA,NA,NA,,,,,,,,,,
Brigham,,35,1,,5/26/2021,1,2021,69,2020,,,,,,6,6,,,,,,,,,,,,,,,,,,0,2,0,100000,,,,,,,,,,
Brigham,,38,7,,5/26/2021,1,2021,75,2020,,,,,,8,8,,,,,,,,,,,,,,,,,,0,4,0,200000,,,,,,,,,,
Brigham,,36,4,,5/26/2021,1,2021,75,2020,,,,,,8,8,,,,,,,,,,,,,,,,,,0,0,0,0,,,,,,,,,,
Brigham,,39,13,,5/26/2021,1,2021,76,2019,,,,,,,,,,,,,,,,,,,,,,,,,0,11,0,550000,,,,,,,,,,
Brigham,,41,6,,5/26/2021,1,2021,69,2020,,,,,,7,7,,,,,,,,,,,,,,,,,,0,5,0,250000,,,,,,,,,,
Brigham,,40,11,,5/26/2021,1,2021,76,2020,,,,,,8,8,,,,,,,,,,,,,,,,,,0,16,0,800000,,,,,,,,,,
Brigham,,34,2,,5/26/2021,1,2021,75,2020,,,,,,8,8,,,,,,,,,,,,,,,,,,0,32,0,1600000,,,,,,,,,,
Brigham,,37,5,,5/26/2021,1,2021,75,2020,,,,,,7+1,7,,,,,,,,,,,,,,,,,,0,8,0,400000,,,,,,,,,,
Camisa,,46,13,,5/26/2021,1,2021,69,2020,,,,,,,,,,,,,,,,,,,,,,,,,NA,NA,NA,NA,,,,,,,,,,
Camisa,,43,10,,5/26/2021,1,2021,69,2020,,,,,,6,6,,,,,,,,,,,,,,,,,,0,0,0,0,,,,,,,,,,
Camisa,,44,5,,5/26/2021,1,2021,69,2020,,,,,,6,6,,,,,,,,,,,,,,,,,,0,2,0,100000,,,,,,,,,,
Camisa,,42,11,,5/26/2021,1,2021,69,2020,,,,,,7,7,,,,,,,,,,,,,,,,,,0,2,0,100000,,,,,,,,,,
Camisa,,48,19,,5/26/2021,1,2021,69,2020,,,,,,7,7,,,,,,,,,,,,,,,,,,0,2,0,100000,,,,,,,,,,
Camisa,,45,16,,5/26/2021,1,2021,69,2020,,,,,,6,6,,,,,,,,,,,,,,,,,,0,5,0,250000,,,,,,,,,,
Camisa,,47,14,,5/26/2021,1,2021,69,2020,,,,,,6,6,,,,,,,,,,,,,,,,,,0,1,0,50000,,,,,,,,,,
Yandow,,59,2,,6/2/2021,1,2021,76,2019,,,10+,,10,,,,,,,,,,,,,,,,,,,,0,0,0,0,,,,,,,,,,
Yandow,,60,9,,6/2/2021,1,2021,69,2019,,,12,,12,,,,,,,,,,,,,,,,,,,,0,0,0,0,,,,,,,,,,
Yandow,,61,UVM1,,6/2/2021,1,2021,69,2020,,,,,,8,8,,,,,,,,,,,,,,,,,,0,0,0,0,,,,,,,,,,
Yandow,,62,UVM2,,6/2/2021,1,2021,75,2020,,,,,,8,8,,,,,,,,,,,,,,,,,,0,0,0,0,,,,,,,,,,
Yandow,,63,UVM3,,6/2/2021,1,2021,76,2020,,,,,,8,8,,,,,,,,,,,,,,,,,,0,0,0,0,,,,,,,,,,
Yandow,,64,UVM4,,6/2/2021,1,2021,75,2020,,,,,,7,7,,,,,,,,,,,,,,,,,,0,0,0,0,,,,,,,,,,
Yandow,,65,24,,6/2/2021,1,2021,78,2019,,,7,,7,,,,,,,,,,,,,,,,,,,,0,0,0,0,,,,,,,,,,
Yandow,,66,UVM5,,6/2/2021,1,2021,69,2020,,,,,,8,8,,,,,,,,,,,,,,,,,,0,0,0,0,,,,,,,,,,
Allard,,56,25,,6/2/2021,1,2021,78,2019,,,8,,8,,,,,,,,,,,,,,,,,,,,0,0,0,0,,,,,,,,,,
Allard,,49,14,,6/2/2021,1,2021,78,2019,,,12+,,12,,,,,,,,,,,,,,,,,,,,0,0,0,0,,,,,,,,,,
Allard,,55,20,,6/2/2021,1,2021,,2019,,,12,,12,,,,,,,,,,,,,,,,,,,,5,0,1.666666667,0,,,,,,,,,,
Allard,,58,7,,6/2/2021,1,2021,69,2020,,,9+,,9,,,,,,,,,,,,,,,,,,,,0,0,0,0,,,,,,,,,,
Allard,,50,8,,6/2/2021,1,2021,68 NDQ,2018,,,10,,10,,,,,,,,,,,,,,,,,,,,0,0,0,0,,,,,,,,,,
Allard,,53,15,,6/2/2021,1,2021,69,2019,,,8,,8,,,,,,,,,,,,,,,,,,,,0,0,0,0,,,,,,,,,,
Allard,,57,9,,6/2/2021,1,2021,65,2019,,,15+,,15,,,,,,,,,,,,,,,,,,,,2,0,0.6666666667,0,,,,,,,,,,
Allard,,51,16,,6/2/2021,1,2021,67,2019,,,12,,12,,,,,,,,,,,,,,,,,,,,3,0,1,0,,,,,,,,,,
Allard,,52,18,,6/2/2021,1,2021,67,2019,,,15+,,15,,,,,,,,,,,,,,,,,,,,0,0,0,0,,,,,,,,,,
Allard,,54,17,,6/2/2021,1,2021,69,2019,,,8,,8,,,,,,,,,,,,,,,,,,,,4,0,1.333333333,0,,,,,,,,,,
Martin,,29,21G,,6/24/21,2,2021,,,,,,,,,,,SWMD 6/22,,6/22/21,6/24/21,16,144,15,89.58%,,,,,,,,,0,2,0,100000,,,,,,,,,,
Martin,,31,22G,,6/24/21,2,2021,,,,,,,,,,,,,6/22/21,6/24/21,25,135,5,96.30%,,,,,,,,,1,3,0.3333333333,150000,,,,,,,,,,
Martin,,26,16G,,6/24/21,2,2021,,,,,,,,,,,,,6/22/21,6/24/21,24,136,30,77.94%,,,,,,,,,0,0,0,0,,,,,,,,,,
Martin,,21,14G,,6/24/21,2,2021,,,,,,,,,,,,,6/22/21,6/24/21,8,152,67,55.92%,,,,,,,,,3,0,1,0,,,,,,,,,,
Martin,,23,02G,,6/24/21,2,2021,,,,,,,,,,,,,6/22/21,6/24/21,12,148,31,79.05%,,,,,,,,,4,0,1.333333333,0,,,,,,,,,,
Martin,,24,25G,,6/24/21,2,2021,,,,,,,,,,,,,6/22/21,6/24/21,24,136,35,74.26%,,,,,,,,,4,0,1.333333333,0,,,,,,,,,,
Martin,,22,14GA,,6/24/21,2,2021,,,,,,,,,,,,,6/22/21,6/24/21,8,152,36,76.32%,,,,,,,,,0,0,0,0,,,,,,,,,,
Martin,,32,18G,,6/24/21,2,2021,,,,,,,,,,,,,6/22/21,6/24/21,4,156,78,50.00%,,,,,,,,,0,0,0,0,,,,,,,,,,
Martin,,28,27G,,6/24/21,2,2021,,,,,,,,,,,,,6/22/21,6/24/21,20,140,49,65.00%,,,,,,,,,3,0,1,0,,,,,,,,,,
Martin,,25,26G,,6/24/21,2,2021,,,,,,,,,,,,,6/22/21,6/24/21,15,145,3,97.93%,,,,,,,,,0,0,0,0,,,,,,,,,,
Martin,,30,19G,,6/24/21,2,2021,,,,,,,,,,,,,6/22/21,6/24/21,3,157,119,24.20%,,,,,,,,,10,1,3.333333333,50000,,,,,,,,,,
Martin,,33,08G,,6/24/21,2,2021,,,,,,,,,,,,,6/22/21,6/24/21,0,160,6,96.25%,,,,,,,,,1,0,0.3333333333,0,,,,,,,,,,
Martin,,27,11,,6/24/21,2,2021,,,,,,,,,,,,,6/22/21,6/24/21,10,150,66,56.00%,,,,,,,,,10,3,3.333333333,150000,,,,,,,,,,
Fortin,,80,2,,6/25/21,2,2021,,,,,,,,,,,,,6/23/21,6/25/21,24,136,20,85.29%,,,,,,,,,0,2,0,100000,,,,,,,,,,
Fortin,,75,4,,6/25/21,2,2021,,,,,,,,,,,,,6/23/21,6/25/21,NA,NA,NA,NA,,,,,,,,,0,28,0,1400000,,,,,,new Q,,,,
Fortin,,73,9,,6/25/21,2,2021,,,,,,,,,,,,,6/23/21,6/25/21,14,146,101,30.82%,,,,,,,,,2,0,0.6666666667,0,,,,,,re-do HB test,,,,
Fortin,,74,6,,6/25/21,2,2021,,,,,,,,,,,,,6/23/21,6/25/21,11,149,19,87.25%,,,,,,,,,0,5,0,250000,,,,,,,,,,
Fortin,,81,10,,6/25/21,2,2021,,,,,,,,,,,,,6/23/21,6/25/21,26,134,33,75.37%,,,,,,,,,0,7,0,350000,,,,,,,,,,
Fortin,,76,20,,6/25/21,2,2021,,,,,,,,,,,,,6/23/21,6/25/21,20,140,59,57.86%,,,,,,,,,5,0,1.666666667,0,,,,,,,,,,
Fortin,,78,21,,6/25/21,2,2021,,,,,,,,,,,,,6/23/21,6/25/21,14,146,66,54.79%,,,,,,,,,0,0,0,0,,,,,,,,,,
Fortin,,79,22,,6/25/21,2,2021,,,,,,,,,,,,,6/23/21,6/25/21,16,144,83,42.36%,,,,,,,,,0,0,0,0,,,,,,,,,,
Fortin,,77,19,,6/25/21,2,2021,,,,,,,,,,,,,6/23/21,6/25/21,23,137,49,64.23%,,,,,,,,,5,1,1.666666667,50000,,,,,,,,,,
Fortin,,82,25,,6/25/21,2,2021,,,,,,,,,,,,,6/23/21,6/25/21,24,136,46,66.18%,,,,,,,,,3,4,1,200000,,,,,,,,,,
Fortin,,83,16,,6/25/21,2,2021,,,,,,,,,,,,,6/23/21,6/25/21,5,155,59,61.94%,,,,,,,,,1,2,0.3333333333,100000,,,,,,,,,,
Ferland,,68,3,,6/25/21,2,2021,,,,,,,,,,,,,6/23/21,6/25/21,15,145,57,60.69%,,,,,,,,,4,3,1.333333333,150000,,,,,,,,,,
Ferland,,67,1,,6/25/21,2,2021,,,,,,,,,,,,,6/23/21,6/25/21,31,129,58,55.04%,,,,,,,,,2,0,0.6666666667,0,,,,,,,,,,
Ferland,,69,18,,6/25/21,2,2021,,,,,,,,,,,,,6/23/21,6/25/21,NA,NA,NA,NA,,,,,,,,,1,2,0.3333333333,100000,,,,,,,,,,
Ferland,,70,22,,6/25/21,2,2021,,,,,,,,,,,,,6/23/21,6/25/21,21,139,26,81.29%,,,,,,,,,0,2,0,100000,,,,,,,,,,
Ferland,,71,21,,6/25/21,2,2021,,,,,,,,,,,,,6/23/21,6/25/21,10,150,62,58.67%,,,,,,,,,1,3,0.3333333333,150000,,,,,,,,,,
Ferland,,72,20,,6/25/21,2,2021,,,,,,,,,,,,,6/23/21,6/25/21,38,122,39,68.03%,,,,,,,,,0,16,0,800000,,,,,,,,,,
Brigham,,35,1,,6/24/21,2,2021,,,,,,,,,,,,,6/22/21,6/24/21,12,148,85,42.57%,,,,,,,,,0,1,0,50000,,,,,,,,,,
Brigham,,38,7,,6/24/21,2,2021,,,,,,,,,,,,,6/22/21,6/24/21,20,140,13,90.71%,,,,,,,,,0,0,0,0,,,,,,,,,,
Brigham,,36,4,,6/24/21,2,2021,,,,,,,,,,,,,6/22/21,6/24/21,9,151,81,46.36%,,,,,,,,,0,0,0,0,,,,,,,,,,
Brigham,,39,13,,6/24/21,2,2021,,,,,,,,,,,,,6/22/21,6/24/21,16,144,109,24.31%,,,,,,,,,0,4,0,200000,,,,,,,,,,
Brigham,,41,6,,6/24/21,2,2021,,,,,,,,,,,,,6/22/21,6/24/21,1,159,35,77.99%,,,,,,,,,0,1,0,50000,,,,,,,,,,
Brigham,,40,11,,6/24/21,2,2021,,,,,,,,,,,,,6/22/21,6/24/21,15,145,9,93.79%,,,,,,,,,0,0,0,0,,,,,,,,,,
Brigham,,34,2,,6/24/21,2,2021,,,,,,,,,,,,,6/22/21,6/24/21,NA,NA,NA,NA,,,,,,,,,NA,NA,NA,NA,,,,,,,,,,
Brigham,,37,5,,6/24/21,2,2021,,,,,,,,,,,,,6/22/21,6/24/21,10,150,41,72.67%,,,,,,,,,0,0,0,0,,,,,,,,,,
Camisa,,46,13,,6/24/21,2,2021,,,,,,,,,,,,,6/22/21,6/24/21,22,138,21,84.78%,,,,,,,,,0,0,0,0,,,,,,,,,,
Camisa,,43,10,,6/24/21,2,2021,,,,,,,,,,,,,6/22/21,6/24/21,14,146,65,55.48%,,,,,,,,,0,0,0,0,,,,,,,,,,
Camisa,,44,5,,6/24/21,2,2021,,,,,,,,,,,,,6/22/21,6/24/21,6,154,58,62.34%,,,,,,,,,0,0,0,0,,,,,,,,,,
Camisa,,42,11,,6/24/21,2,2021,,,,,,,,,,,,,6/22/21,6/24/21,20,140,66,52.86%,,,,,,,,,1,1,0.3333333333,50000,,,,,,,,,,
Camisa,,48,19,,6/24/21,2,2021,,,,,,,,,,,,,6/22/21,6/24/21,22,138,47,65.94%,,,,,,,,,0,0,0,0,,,,,,,,,,
Camisa,,45,16,,6/24/21,2,2021,,,,,,,,,,,,,6/22/21,6/24/21,4,156,37,76.28%,,,,,,,,,1,0,0.3333333333,0,,,,,,,,,,
Camisa,,47,14,,6/24/21,2,2021,,,,,,,,,,,,,6/22/21,6/24/21,3,157,62,60.51%,,,,,,,,,0,0,0,0,,,,,,,,,,
Yandow,,59,2,,6/25/21,2,2021,,,,,,,,,,,,,6/23/21,6/25/21,13,147,48,67.35%,,,,,,,,,0,0,0,0,,,,,,,,,,
Yandow,,60,9,,6/25/21,2,2021,,,,,,,,,,,,,6/23/21,6/25/21,12,148,70,52.70%,,,,,,,,,1,0,0.3333333333,0,,,,,,Incomplete (pupae partially alive after HB test- needs re-do),,,,
Yandow,,61,UVM1,,6/25/21,2,2021,,,,,,,,,,,,,6/23/21,6/25/21,38,122,21,82.79%,,,,,,,,,0,0,0,0,,,,,,,,,,
Yandow,,62,UVM2,,6/25/21,2,2021,,,,,,,,,,,,,6/23/21,6/25/21,0,160,117,26.88%,,,,,,,,,0,0,0,0,,,,,,Incomplete,,,,
Yandow,,63,UVM3,,6/25/21,2,2021,,,,,,,,,,,,,6/23/21,6/25/21,6,154,82,46.75%,,,,,,,,,0,0,0,0,,,,,,successful freeze,,,,
Yandow,,64,UVM4,,6/25/21,2,2021,,,,,,,,,,,SWMD ?,,6/23/21,6/25/21,18,142,81,42.96%,,,,,,,,,0,0,0,0,,,,,,,,,,
Yandow,,65,24,,6/25/21,2,2021,,,,,,,,,,,,,6/23/21,6/25/21,13,147,64,56.46%,,,,,,,,,0,0,0,0,,,,,,,,,,
Yandow,,66,UVM5,,6/25/21,2,2021,,,,,,,,,,,,,6/23/21,6/25/21,14,146,78,46.58%,,,,,,,,,0,0,0,0,,,,,,Incomplete,,,,
Allard,,56,25,,6/24/21,2,2021,,,,,,,,,,,,,6/22/21,6/24/21,15,145,29,80.00%,,,,,,,,,0,1,0,50000,,,,,,,,,,
Allard,,49,14,,6/24/21,2,2021,,,,,,,,,,,,,6/22/21,6/24/21,9,151,26,82.78%,,,,,,,,,2,0,0.6666666667,0,,,,,,,,,,
Allard,,55,20,,6/24/21,2,2021,,,,,,,,,,,,,6/22/21,6/24/21,13,147,69,53.06%,,,,,,,,,14,0,4.666666667,0,,,,,,,,,,
Allard,,58,7,,6/24/21,2,2021,,,,,,,,,,,,,6/22/21,6/24/21,4,156,84,46.15%,,,,,,,,,3,0,1,0,,,,,,,,,,
Allard,,50,8,,6/24/21,2,2021,,,,,,,,,,,,,6/22/21,6/24/21,17,143,44,69.23%,,,,,,,,,2,0,0.6666666667,0,,,,,,,,,,
Allard,,53,15,,6/24/21,2,2021,,,,,,,,,,,,,6/22/21,6/24/21,26,134,6,95.52%,,,,,,,,,7,0,2.333333333,0,,,,,,,,,,
Allard,,57,9,,6/24/21,2,2021,,,,,,,,,,,,,6/22/21,6/24/21,21,139,62,55.40%,,,,,,,,,7,0,2.333333333,0,,,,,,,,,,
Allard,,51,16,,6/24/21,2,2021,,,,,,,,,,,,,6/22/21,6/24/21,30,130,9,93.08%,,,,,,,,,4,0,1.333333333,0,,,,,,,,,,
Allard,,52,18,,6/24/21,2,2021,,,,,,,,,,,,,6/22/21,6/24/21,4,156,44,71.79%,,,,,,,,,2,0,0.6666666667,0,,,,,,,,,,
Allard,,54,17,,6/24/21,2,2021,,,,,,,,,,,,,6/22/21,6/24/21,27,133,42,68.42%,,,,,,,,,12,0,4,0,,,,,,,,,,
Martin,,29,21G,,8/5/21,3,2021,,,,,,,,,,,,,,,,,,,,,,,,,,,6,1,2,50000,,,,,,received 1st mite treatment,,,,
Martin,,31,22G,,8/5/21,3,2021,,,,,,,,,,,,,,,,,,,,,,,,,,,0,0,0,0,,,,,,received 1st mite treatment,,,,
Martin,,26,16G,,8/5/21,3,2021,,,,,,,,,,,,,,,,,,,,,,,,,,,2,0,0.6666666667,0,,,,,,received 1st mite treatment,,,,
Martin,,21,14G,,8/5/21,3,2021,,,,,,,,,,,,,,,,,,,,,,,,,,,15,0,5,0,,,,,,received 1st mite treatment,,,,
Martin,,23,02G,,8/5/21,3,2021,,,,,,,,,,,,,,,,,,,,,,,,,,,20,1,6.666666667,50000,,,,,,received 1st mite treatment,,,,
Martin,,24,25G,,8/5/21,3,2021,,,,,,,,,,,,,,,,,,,,,,,,,,,3,1,1,50000,,,,,,received 1st mite treatment,,,,
Martin,,22,14GA,,8/5/21,3,2021,,,,,,,,,,,,,,,,,,,,,,,,,,,11,0,3.666666667,0,,,,,,received 1st mite treatment,,,,
Martin,,32,18G,,8/5/21,3,2021,,,,,,,,,,,,,,,,,,,,,,,,,,,5,0,1.666666667,0,,,,,,received 1st mite treatment,,,,
Martin,,28,27G,,8/5/21,3,2021,,,,,,,,,,,,,,,,,,,,,,,,,,,15,0,5,0,,,,,,received 1st mite treatment,,,,
Martin,,25,26G,,8/5/21,3,2021,,,,,,,,,,,,,,,,,,,,,,,,,,,1,0,0.3333333333,0,,,,,,received 1st mite treatment,,,,
Martin,,30,19G,,8/5/21,3,2021,,,,,,,,,,,,,,,,,,,,,,,,,,,22,0,7.333333333,0,,,,,,"signs of chalkbrood? â€” what looks like discolored, dried up larvae in a few cells, received 1st mite treatment",,,,
Martin,,33,08G,,8/5/21,3,2021,,,,,,,,,,,,,,,,,,,,,,,,,,,4,1,1.333333333,50000,,,,,,received 1st mite treatment,,,,
Martin,,27,11,,8/5/21,3,2021,,,,,,,,,,,,,,,,,,,,,,,,,,,22,1,7.333333333,50000,,,,,,received 1st mite treatment,,,,
Fortin,,80,2,,8/7/21,3,2021,,,,,,,,,,,,,,,,,,,,,,,,,,,0,0,0,0,,,,,,,,,,
Fortin,,75,4,,8/7/21,3,2021,,,,,,,,,,,,,,,,,,,,,,,,,,,0,0,0,0,,,,,,,,,,
Fortin,,73,9,,8/7/21,3,2021,,,,,,,,,,,,,,,,,,,,,,,,,,,0,0,0,0,,,,,,,,,,
Fortin,,74,6,,8/7/21,3,2021,,,,,,,,,,,,,,,,,,,,,,,,,,,1,0,0.3333333333,0,,,,,,,,,,
Fortin,,81,10,,8/7/21,3,2021,,,,,,,,,,,,,,,,,,,,,,,,,,,4,0,1.333333333,0,,,,,,,,,,
Fortin,,76,20,,8/7/21,3,2021,,,,,,,,,,,,,,,,,,,,,,,,,,,24,0,8,0,,,,,,,,,,
Fortin,,78,21,,8/7/21,3,2021,,,,,,,,,,,,,,,,,,,,,,,,,,,4,0,1.333333333,0,,,,,,,,,,
Fortin,,79,22,,8/7/21,3,2021,,,,,,,,,,,,,,,,,,,,,,,,,,,2,0,0.6666666667,0,,,,,,,,,,
Fortin,,77,19,,8/7/21,3,2021,,,,,,,,,,,,,,,,,,,,,,,,,,,24,0,8,0,,,,,,,,,,
Fortin,,82,25,,8/7/21,3,2021,,,,,,,,,,,,,,,,,,,,,,,,,,,3,0,1,0,,,,,,,,,,
Fortin,,83,16,,8/7/21,3,2021,,,,,,,,,,,,,,,,,,,,,,,,,,,3,0,1,0,,,,,,,,,,
Ferland,,68,3,,8/7/21,3,2021,,,,,,,,,,,,,,,,,,,,,,,,,,,4,0,1.333333333,0,,,,,,,,,,
Ferland,,67,1,,8/7/21,3,2021,,,,,,,,,,,,,,,,,,,,,,,,,,,10,0,3.333333333,0,,,,,,,,,,
Ferland,,69,18,,8/7/21,3,2021,,,,,,,,,,,,,,,,,,,,,,,,,,,3,0,1,0,,,,,,,,,,
Ferland,,70,22,,8/7/21,3,2021,,,,,,,,,,,,,,,,,,,,,,,,,,,12,0,4,0,,,,,,,,,,
Ferland,,71,21,,8/7/21,3,2021,,,,,,,,,,,,,,,,,,,,,,,,,,,10,0,3.333333333,0,,,,,,,,,,
Ferland,,72,20,,8/7/21,3,2021,,,,,,,,,,,,,,,,,,,,,,,,,,,5,0,1.666666667,0,,,,,,,,,,
Brigham,,35,1,,8/5/21,3,2021,,,,,,,,,,,,,,,,,,,,,,,,,,,1,1,0.3333333333,50000,,,,,,,,,,
Brigham,,38,7,,8/5/21,3,2021,,,,,,,,,,,,,,,,,,,,,,,,,,,1,0,0.3333333333,0,,,,,,,,,,
Brigham,,36,4,,8/5/21,3,2021,,,,,,,,,,,,,,,,,,,,,,,,,,,1,0,0.3333333333,0,,,,,,,,,,
Brigham,,39,13,,8/5/21,3,2021,,,,,,,,,,,,,,,,,,,,,,,,,,,0,0,0,0,,,,,,,,,,
Brigham,,41,6,,8/5/21,3,2021,,,,,,,,,,,,,,,,,,,,,,,,,,,0,0,0,0,,,,,,,,,,
Brigham,,40,11,,8/5/21,3,2021,,,,,,,,,,,,,,,,,,,,,,,,,,,0,1,0,50000,,,,,,,,,,
Brigham,,34,2,,8/5/21,3,2021,,,,,,,,,,,,,,,,,,,,,,,,,,,NA,NA,NA,NA,,,,,,,,,,
Brigham,,37,5,,8/5/21,3,2021,,,,,,,,,,,,,,,,,,,,,,,,,,,0,0,0,0,,,,,,,,,,
Camisa,,46,13,,8/5/21,3,2021,,,,,,,,,,,,,,,,,,,,,,,,,,,0,0,0,0,,,,,,,,,,
Camisa,,43,10,,8/5/21,3,2021,,,,,,,,,,,,,,,,,,,,,,,,,,,0,0,0,0,,,,,,,,,,
Camisa,,44,5,,8/5/21,3,2021,,,,,,,,,,,,,,,,,,,,,,,,,,,0,0,0,0,,,,,,,,,,
Camisa,,42,11,,8/5/21,3,2021,,,,,,,,,,,,,,,,,,,,,,,,,,,0,0,0,0,,,,,,,,,,
Camisa,,48,19,,8/5/21,3,2021,,,,,,,,,,,,,,,,,,,,,,,,,,,0,0,0,0,,,,,,,,,,
Camisa,,45,16,,8/5/21,3,2021,,,,,,,,,,,,,,,,,,,,,,,,,,,1,0,0.3333333333,0,,,,,,,,,,
Camisa,,47,14,,8/5/21,3,2021,,,,,,,,,,,,,,,,,,,,,,,,,,,0,0,0,0,,,,,,,,,,
Yandow,,59,2,,8/5/21,3,2021,,,,,,,,,,,,,,,,,,,,,,,,,,,1,0,0.3333333333,0,,,,,,received 1st mite treatment,,,,
Yandow,,60,9,,8/5/21,3,2021,,,,,,,,,,,,,,,,,,,,,,,,,,,5,0,1.666666667,0,,,,,,received 1st mite treatment,,,,
Yandow,,61,UVM1,,8/5/21,3,2021,,,,,,,,,,,,,,,,,,,,,,,,,,,0,0,0,0,,,,,,received 1st mite treatment,,,,
Yandow,,62,UVM2,,8/5/21,3,2021,,,,,,,,,,,,,,,,,,,,,,,,,,,2,0,0.6666666667,0,,,,,,received 1st mite treatment,,,,
Yandow,,63,UVM3,,8/5/21,3,2021,,,,,,,,,,,,,,,,,,,,,,,,,,,0,0,0,0,,,,,,received 1st mite treatment,,,,
Yandow,,64,UVM4,,8/5/21,3,2021,,,,,,,,,,,,,,,,,,,,,,,,,,,0,0,0,0,,,,,,received 1st mite treatment,,,,
Yandow,,65,24,,8/5/21,3,2021,,,,,,,,,,,,,,,,,,,,,,,,,,,1,0,0.3333333333,0,,,,,,received 1st mite treatment,,,,
Yandow,,66,UVM5,,8/5/21,3,2021,,,,,,,,,,,,,,,,,,,,,,,,,,,0,1,0,50000,,,,,,received 1st mite treatment,,,,
Allard,,56,25,,8/7/21,3,2021,,,,,,,,,,,,,,,,,,,,,,,,,,,3,0,1,0,,,,,,received 1st mite treatment,,,,
Allard,,49,14,,8/7/21,3,2021,,,,,,,,,,,,,,,,,,,,,,,,,,,4,0,1.333333333,0,,,,,,received 1st mite treatment,,,,
Allard,,55,20,,8/7/21,3,2021,,,,,,,,,,,,,,,,,,,,,,,,,,,20,0,6.666666667,0,,,,,,received 1st mite treatment,,,,
Allard,,58,7,,8/7/21,3,2021,,,,,,,,,,,,,,,,,,,,,,,,,,,6,0,2,0,,,,,,"Tipped over 6/2, received 1st mite treatment",,,,
Allard,,50,8,,8/7/21,3,2021,,,,,,,,,,,,,,,,,,,,,,,,,,,18,0,6,0,,,,,,received 1st mite treatment,,,,
Allard,,53,15,,8/7/21,3,2021,,,,,,,,,,,,,,,,,,,,,,,,,,,6,0,2,0,,,,,,received 1st mite treatment,,,,
Allard,,57,9,,8/7/21,3,2021,,,,,,,,,,,,,,,,,,,,,,,,,,,19,0,6.333333333,0,,,,,,received 1st mite treatment,,,,
Allard,,51,16,,8/7/21,3,2021,,,,,,,,,,,,,,,,,,,,,,,,,,,9,0,3,0,,,,,,received 1st mite treatment,,,,
Allard,,52,18,,8/7/21,3,2021,,,,,,,,,,,,,,,,,,,,,,,,,,,12,0,4,0,,,,,,received 1st mite treatment,,,,
Allard,,54,17,,8/7/21,3,2021,,,,,,,,,,,,,,,,,,,,,,,,,,,18,0,6,0,,,,,,received 1st mite treatment,,,,
Martin,,29,21G,,8/25,4,2021,,,,,,,,,,,,,,,,,,,,,,,,,,,12,0,4,0,186,,,,,,,,,
Martin,,31,22G,,8/25,4,2021,,,,,,,,,,,,,,,,,,,,,,,,,,,6,0,2,0,136,,,,,,,,,
Martin,,26,16G,,8/25,4,2021,,,,,,,,,,,,,,,,,,,,,,,,,,,3,0,1,0,163,,,,,,,,,
Martin,,21,14G,,8/25,4,2021,,,,,,,,,,,,,,,,,,,,,,,,,,,18,0,6,0,206,,,,,,,,,
Martin,,23,02G,,8/25,4,2021,,,,,,,,,,,,,,,,,,,,,,,,,,,45,0,15,0,121,,,,,,,,,
Martin,,24,25G,,8/25,4,2021,,,,,,,,,,,,,,,,,,,,,,,,,,,15,0,5,0,115,,,,,,,,,
Martin,,22,14GA,,8/25,4,2021,,,,,,,,,,,,,,,,,,,,,,,,,,,9,0,3,0,177,,,,,,,,,
Martin,,32,18G,,8/25,4,2021,,,,,,,,,,,,,,,,,,,,,,,,,,,2,0,0.6666666667,0,129,,,,,,,,,
Martin,,28,27G,,8/25,4,2021,,,,,,,,,,,,,,,,,,,,,,,,,,,37,0,12.33333333,0,144,,,,,,,,,
Martin,,25,26G,,8/25,4,2021,,,,,,,,,,,,,,,,,,,,,,,,,,,7,0,2.333333333,0,186,,,,,,,,,
Martin,,30,19G,,8/25,4,2021,,,,,,,,,,,,PMS 8/25,,,,,,,,,,,,,,,39,1,13,50000,152,,,,,,,,,
Martin,,33,08G,,8/25,4,2021,,,,,,,,,,,,,,,,,,,,,,,,,,,3,0,1,0,161,,,,,,,,,
Martin,,27,11,,8/25,4,2021,,,,,,,,,,,,,,,,,,,,,,,,,,,32,0,10.66666667,0,175,,,,,,,,,
Fortin,,80,2,,8/27,4,2021,,,,,,,,,,,,,,,,,,,,,,,,,,,15,0,5,0,125,,,,,,,,,
Fortin,,75,4,,8/27,4,2021,,,,,,,,,,,,,,,,,,,,,,,,,,,4,0,1.333333333,0,122,,,,,,,,,
Fortin,,73,9,,8/27,4,2021,,,,,,,,,,,,,,,,,,,,,,,,,,,30,0,10,0,160,,,,,,,,,
Fortin,,74,6,,8/27,4,2021,,,,,,,,,,,,,,,,,,,,,,,,,,,8,0,2.666666667,0,120,,,,,,,,,
Fortin,,81,10,,8/27,4,2021,,,,,,,,,,,,,,,,,,,,,,,,,,,13,0,4.333333333,0,110,,,,,,,,,
Fortin,,76,20,,8/27,4,2021,,,,,,,,,,,,,,,,,,,,,,,,,,,72,0,24,0,160,,,,,,,,,
Fortin,,78,21,,8/27,4,2021,,,,,,,,,,,,,,,,,,,,,,,,,,,15,0,5,0,89,,,,,,,,,
Fortin,,79,22,,8/27,4,2021,,,,,,,,,,,,,,,,,,,,,,,,,,,16,0,5.333333333,0,120,,,,,,,,,
Fortin,,77,19,,8/27,4,2021,,,,,,,,,,,,,,,,,,,,,,,,,,,30,0,10,0,160,,,,,,,,,
Fortin,,82,25,,8/27,4,2021,,,,,,,,,,,,,,,,,,,,,,,,,,,47,5,15.66666667,250000,160,,,,,,,,,
Fortin,,83,16,,8/27,4,2021,,,,,,,,,,,,,,,,,,,,,,,,,,,6,0,2,0,150,,,,,,,,,
Ferland,,68,3,,8/27,4,2021,,,,,,,,,,,,,,,,,,,,,,,,,,,21,0,7,0,120,,,,,,,,,
Ferland,,67,1,,8/27,4,2021,,,,,,,,,,,,,,,,,,,,,,,,,,,7,0,2.333333333,0,150,,,,,,,,,
Ferland,,69,18,,8/27,4,2021,,,,,,,,,,,,,,,,,,,,,,,,,,,NA,NA,NA,NA,NA,,,,,removed from study,,,,
Ferland,,70,22,,8/27,4,2021,,,,,,,,,,,,,,,,,,,,,,,,,,,13,0,4.333333333,0,150,,,,,,,,,
Ferland,,71,21,,8/27,4,2021,,,,,,,,,,,,,,,,,,,,,,,,,,,30,0,10,0,150,,,,,,,,,
Ferland,,72,20,,8/27,4,2021,,,,,,,,,,,,,,,,,,,,,,,,,,,13,0,4.333333333,0,135,,,,,,,,,
Brigham,,35,1,,8/25,4,2021,,,,,,,,,,,,,,,,,,,,,,,,,,,0,0,0,0,115,,,,,,,,,
Brigham,,38,7,,8/25,4,2021,,,,,,,,,,,,,,,,,,,,,,,,,,,1,0,0.3333333333,0,80,,,,,,,,,
Brigham,,36,4,,8/25,4,2021,,,,,,,,,,,,,,,,,,,,,,,,,,,5,0,1.666666667,0,75,,,,,,,,,
Brigham,,39,13,,8/25,4,2021,,,,,,,,,,,,,,,,,,,,,,,,,,,1,0,0.3333333333,0,160,,,,,,,,,
Brigham,,41,6,,8/25,4,2021,,,,,,,,,,,,,,,,,,,,,,,,,,,0,0,0,0,80,,,,,,,,,
Brigham,,40,11,,8/25,4,2021,,,,,,,,,,,,,,,,,,,,,,,,,,,4,0,1.333333333,0,120,,,,,,,,,75
Brigham,,34,2,,8/25,4,2021,,,,,,,,,,,,,,,,,,,,,,,,,,,NA,NA,NA,NA,NA,,,,,,,,,195
Brigham,,37,5,,8/25,4,2021,,,,,,,,,,,,,,,,,,,,,,,,,,,0,0,0,0,75,,,,,,,,,
Camisa,,46,13,,8/25,4,2021,,,,,,,,,,,,,,,,,,,,,,,,,,,1,0,0.3333333333,0,80,,,,,,,,,
Camisa,,43,10,,8/25,4,2021,,,,,,,,,,,,,,,,,,,,,,,,,,,0,0,0,0,80,,,,,,,,,
Camisa,,44,5,,8/25,4,2021,,,,,,,,,,,,,,,,,,,,,,,,,,,0,0,0,0,80,,,,,,,,,
Camisa,,42,11,,8/25,4,2021,,,,,,,,,,,,,,,,,,,,,,,,,,,2,0,0.6666666667,0,80,,,,,,,,,
Camisa,,48,19,,8/25,4,2021,,,,,,,,,,,,,,,,,,,,,,,,,,,1,0,0.3333333333,0,80,,,,,,,,,
Camisa,,45,16,,8/25,4,2021,,,,,,,,,,,,,,,,,,,,,,,,,,,3,0,1,0,115,,,,,,,,,
Camisa,,47,14,,8/25,4,2021,,,,,,,,,,,,,,,,,,,,,,,,,,,4,0,1.333333333,0,80,,,,,,,,,
Yandow,,59,2,,8/25,4,2021,,,,,,,,,,,,,,,,,,,,,,,,,,,3,0,1,0,95,,,,,,,,,
Yandow,,60,9,,8/25,4,2021,,,,,,,,,,,,,,,,,,,,,,,,,,,0,1,0,50000,149,,,,,,,,,
Yandow,,61,UVM1,,8/25,4,2021,,,,,,,,,,,,,,,,,,,,,,,,,,,1,0,0.3333333333,0,80,,,,,,,,,
Yandow,,62,UVM2,,8/25,4,2021,,,,,,,,,,,,,,,,,,,,,,,,,,,0,0,0,0,88,,,,,,,,,
Yandow,,63,UVM3,,8/25,4,2021,,,,,,,,,,,,,,,,,,,,,,,,,,,0,0,0,0,85,,,,,,,,,
Yandow,,64,UVM4,,8/25,4,2021,,,,,,,,,,,,,,,,,,,,,,,,,,,0,0,0,0,64,,,,,,,,,
Yandow,,65,24,,8/25,4,2021,,,,,,,,,,,,,,,,,,,,,,,,,,,3,0,1,0,154,,,,,,,,,
Yandow,,66,UVM5,,8/25,4,2021,,,,,,,,,,,,,,,,,,,,,,,,,,,0,0,0,0,98,,,,,,,,,
Allard,,56,25,,8/27,4,2021,,,,,,,,,,,,,,,,,,,,,,,,,,,11,0,3.666666667,0,55,,,,,QL 8/27 emergency cells present,,,,
Allard,,49,14,,8/27,4,2021,,,,,,,,,,,,,,,,,,,,,,,,,,,6,0,2,0,145,,,,,,,,,
Allard,,55,20,,8/27,4,2021,,,,,,,,,,,,,,,,,,,,,,,,,,,11,0,3.666666667,0,110,,,,,,,,,
Allard,,58,7,,8/27,4,2021,,,,,,,,,,,,,,,,,,,,,,,,,,,13,0,4.333333333,0,145,,,,,,,,,
Allard,,50,8,,8/27,4,2021,,,,,,,,,,,,,,,,,,,,,,,,,,,6,0,2,0,160,,,,,,,,,
Allard,,53,15,,8/27,4,2021,,,,,,,,,,,,,,,,,,,,,,,,,,,15,0,5,0,190,,,,,QL 8/27,,,,
Allard,,57,9,,8/27,4,2021,,,,,,,,,,,,,,,,,,,,,,,,,,,17,0,5.666666667,0,150,,,,,,,,,
Allard,,51,16,,8/27,4,2021,,,,,,,,,,,,,,,,,,,,,,,,,,,6,0,2,0,150,,,,,,,,,
Allard,,52,18,,8/27,4,2021,,,,,,,,,,,,,,,,,,,,,,,,,,,7,0,2.333333333,0,150,,,,,,,,,
Allard,,54,17,,8/27,4,2021,,,,,,,,,,,,,,,,,,,,,,,,,,,33,0,11,0,145,,,,,,,,,
Martin,,29,21G,,9/26/21,5,2021,,,,,,,,,,,,,,,,,,,,,,,,,,,2,1,0.6666666667,50000,,185,,,,,,,,
Martin,,31,22G,,9/26/21,5,2021,,,,,,,,,,,,,,,,,,,,,,,,,,,17,5,5.666666667,250000,,155,,,,,,,,
Martin,,26,16G,,9/26/21,5,2021,,,,,,,,,,,,DWV 9/26,,,,,,,,,,,,,,,15,1,5,50000,,170,,,,,,,,
Martin,,21,14G,,9/26/21,5,2021,,,,,,,,,,,,DWV 9/26,,,,,,,,,,,,,,,19,0,6.333333333,0,,155,,,,,,,,
Martin,,23,02G,,9/26/21,5,2021,,,,,,,,,,,,,,,,,,,,,,,,,,,NA,NA,NA,NA,,140,,,,removed from study- too aggressive ,,,,
Martin,,24,25G,,9/26/21,5,2021,,,,,,,,,,,,,,,,,,,,,,,,,,,5,0,1.666666667,0,,195,,,,,,,,
Martin,,22,14GA,,9/26/21,5,2021,,,,,,,,,,,,"PMS, DWV 9/26",,,,,,,,,,,,,,,32,18,10.66666667,900000,,160,,,,,,,,
Martin,,32,18G,,9/26/21,5,2021,,,,,,,,,,,,"PMS, DWV 9/26",,,,,,,,,,,,,,,13,0,4.333333333,0,,160,,,,,,,,
Martin,,28,27G,,9/26/21,5,2021,,,,,,,,,,,,,,,,,,,,,,,,,,,10,0,3.333333333,0,,120,,,,,,,,
Martin,,25,26G,,9/26/21,5,2021,,,,,,,,,,,,DWV 9/26,,,,,,,,,,,,,,,10,0,3.333333333,0,,170,,,,,,,,
Martin,,30,19G,,9/26/21,5,2021,,,,,,,,,,,,PMS 9/26,,,,,,,,,,,,,,,16,0,5.333333333,0,,140,,,,,,,,
Martin,,33,08G,,9/26/21,5,2021,,,,,,,,,,,,,,,,,,,,,,,,,,,53,0,17.66666667,0,,180,,,,,,,,
Martin,,27,11,,9/26/21,5,2021,,,,,,,,,,,,DWV 9/26,,,,,,,,,,,,,,,11,NA,3.666666667,NA,,NA,,,,removed from study- DEAD,,,,
Fortin,,80,2,,9/28/21,5,2021,,,,,,,,,,,,,,,,,,,,,,,,,,,12,1,4,50000,,75,,,,,,,,
Fortin,,75,4,,9/28/21,5,2021,,,,,,,,,,,,,,,,,,,,,,,,,,,14,0,4.666666667,0,,110,,,,,,,,
Fortin,,73,9,,9/28/21,5,2021,,,,,,,,,,,,,,,,,,,,,,,,,,,64,0,21.33333333,0,,155,,,,,,,,
Fortin,,74,6,,9/28/21,5,2021,,,,,,,,,,,,,,,,,,,,,,,,,,,4,3,1.333333333,150000,,100,,,,,,,,
Fortin,,81,10,,9/28/21,5,2021,,,,,,,,,,,,,,,,,,,,,,,,,,,10,7,3.333333333,350000,,145,,,,,,,,
Fortin,,76,20,,9/28/21,5,2021,,,,,,,,,,,,"PMS, DWV 9/28",,,,,,,,,,,,,,,90,0,30,0,,120,,,,removed from study- DEAD 11/3,,,,
Fortin,,78,21,,9/28/21,5,2021,,,,,,,,,,,,,,,,,,,,,,,,,,,2,0,0.6666666667,0,,115,,,,,,,,
Fortin,,79,22,,9/28/21,5,2021,,,,,,,,,,,,,,,,,,,,,,,,,,,8,0,2.666666667,0,,140,,,,,,,,
Fortin,,77,19,,9/28/21,5,2021,,,,,,,,,,,,PMS 9/28,,,,,,,,,,,,,,,98,0,32.66666667,0,,105,,,,removed from study- DEAD 11/3,,,,
Fortin,,82,25,,9/28/21,5,2021,,,,,,,,,,,,,,,,,,,,,,,,,,,79,2,26.33333333,100000,,110,,,,,,,,
Fortin,,83,16,,9/28/21,5,2021,,,,,,,,,,,,,,,,,,,,,,,,,,,5,1,1.666666667,50000,,95,,,,,,,,
Ferland,,68,3,,9/28/21,5,2021,,,,,,,,,,,,,,,,,,,,,,,,,,,9,0,3,0,,110,,,,,,,,
Ferland,,67,1,,9/28/21,5,2021,,,,,,,,,,,,,,,,,,,,,,,,,,,15,0,5,0,,140,,,,,,,,
Ferland,,69,18,,9/28/21,5,2021,,,,,,,,,,,,,,,,,,,,,,,,,,,NA,NA,NA,NA,,95,,,,,,,,
Ferland,,70,22,,9/28/21,5,2021,,,,,,,,,,,,PMS 9/28,,,,,,,,,,,,,,,23,0,7.666666667,0,,120,,,,,,,,
Ferland,,71,21,,9/28/21,5,2021,,,,,,,,,,,,DWV 9/28,,,,,,,,,,,,,,,25,8,8.333333333,400000,,170,,,,,,,,
Ferland,,72,20,,9/28/21,5,2021,,,,,,,,,,,,,,,,,,,,,,,,,,,12,0,4,0,,160,,,,,,,,
Brigham,,35,1,,9/26/21,5,2021,,,,,,,,,,,,,,,,,,,,,,,,,,,1,0,0.3333333333,0,,155,,,,,,,,
Brigham,,38,7,,9/26/21,5,2021,,,,,,,,,,,,,,,,,,,,,,,,,,,4,0,1.333333333,0,,145,,,,,,,,
Brigham,,36,4,,9/26/21,5,2021,,,,,,,,,,,,,,,,,,,,,,,,,,,NA,NA,NA,NA,,NA,,,,removed from study- QL 9/26,,,,
Brigham,,39,13,,9/26/21,5,2021,,,,,,,,,,,,,,,,,,,,,,,,,,,NA,NA,NA,NA,,155,,,,removed from study- QL 9/26,,,,
Brigham,,41,6,,9/26/21,5,2021,,,,,,,,,,,,,,,,,,,,,,,,,,,2,5,0.6666666667,250000,,,,,,,,,,
Brigham,,40,11,,9/26/21,5,2021,,,,,,,,,,,,,,,,,,,,,,,,,,,7,0,2.333333333,0,,155,,,,,,,,
Brigham,,34,2,,9/26/21,5,2021,,,,,,,,,,,,,,,,,,,,,,,,,,,NA,NA,NA,NA,,NA,,,,,,,,
Brigham,,37,5,,9/26/21,5,2021,,,,,,,,,,,,,,,,,,,,,,,,,,,7,0,2.333333333,0,,155,,,,,,,,
Camisa,,46,13,,9/26/21,5,2021,,,,,,,,,,,,,,,,,,,,,,,,,,,20,0,6.666666667,0,,180,,,,,,,,
Camisa,,43,10,,9/26/21,5,2021,,,,,,,,,,,,,,,,,,,,,,,,,,,6,0,2,0,,165,,,,,,,,
Camisa,,44,5,,9/26/21,5,2021,,,,,,,,,,,,,,,,,,,,,,,,,,,6,0,2,0,,145,,,,,,,,
Camisa,,42,11,,9/26/21,5,2021,,,,,,,,,,,,,,,,,,,,,,,,,,,17,0,5.666666667,0,,170,,,,,,,,
Camisa,,48,19,,9/26/21,5,2021,,,,,,,,,,,,,,,,,,,,,,,,,,,10,0,3.333333333,0,,155,,,,,,,,
Camisa,,45,16,,9/26/21,5,2021,,,,,,,,,,,,,,,,,,,,,,,,,,,22,1,7.333333333,50000,,145,,,,,,,,
Camisa,,47,14,,9/26/21,5,2021,,,,,,,,,,,,,,,,,,,,,,,,,,,10,0,3.333333333,0,,160,,,,,,,,
Yandow,,59,2,,9/28/21,5,2021,,,,,,,,,,,,,,,,,,,,,,,,,,,7,0,2.333333333,0,,105,,,,,,,,
Yandow,,60,9,,9/28/21,5,2021,,,,,,,,,,,,,,,,,,,,,,,,,,,14,0,4.666666667,0,,105,,,,,,,,
Yandow,,61,UVM1,,9/28/21,5,2021,,,,,,,,,,,,,,,,,,,,,,,,,,,3,0,1,0,,120,,,,,,,,
Yandow,,62,UVM2,,9/28/21,5,2021,,,,,,,,,,,,,,,,,,,,,,,,,,,15,0,5,0,,125,,,,,,,,
Yandow,,63,UVM3,,9/28/21,5,2021,,,,,,,,,,,,,,,,,,,,,,,,,,,6,0,2,0,,165,,,,,,,,
Yandow,,64,UVM4,,9/28/21,5,2021,,,,,,,,,,,,,,,,,,,,,,,,,,,12,0,4,0,,115,,,,,,,,
Yandow,,65,24,,9/28/21,5,2021,,,,,,,,,,,,,,,,,,,,,,,,,,,22,0,7.333333333,0,,110,,,,,,,,
Yandow,,66,UVM5,,9/28/21,5,2021,,,,,,,,,,,,,,,,,,,,,,,,,,,17,4,5.666666667,200000,,145,,,,,,,,
Allard,,56,25,,9/26/21,5,2021,,,,,,,,,,,,,,,,,,,,,,,,,,,2,0,0.6666666667,0,,160,,,,,,,,
Allard,,49,14,,9/26/21,5,2021,,,,,,,,,,,,,,,,,,,,,,,,,,,4,0,1.333333333,0,,140,,,,,,,,
Allard,,55,20,,9/26/21,5,2021,,,,,,,,,,,,,,,,,,,,,,,,,,,21,0,7,0,,150,,,,,,,,
Allard,,58,7,,9/26/21,5,2021,,,,,,,,,,,,,,,,,,,,,,,,,,,4,0,1.333333333,0,,150,,,,,,,,
Allard,,50,8,,9/26/21,5,2021,,,,,,,,,,,,,,,,,,,,,,,,,,,NA,NA,NA,NA,,NA,,,,"removed from study- mite infested, small cluster 9/26",,,,
Allard,,53,15,,9/26/21,5,2021,,,,,,,,,,,,,,,,,,,,,,,,,,,11,0,3.666666667,0,,120,,,,,,,,
Allard,,57,9,,9/26/21,5,2021,,,,,,,,,,,,,,,,,,,,,,,,,,,11,0,3.666666667,0,,110,,,,,,,,
Allard,,51,16,,9/26/21,5,2021,,,,,,,,,,,,,,,,,,,,,,,,,,,2,1,0.6666666667,50000,,165,,,,,,,,
Allard,,52,18,,9/26/21,5,2021,,,,,,,,,,,,,,,,,,,,,,,,,,,3,0,1,0,,145,,,,,,,,
Allard,,54,17,,9/26/21,5,2021,,,,,,,,,,,,,,,,,,,,,,,,,,,NA,NA,NA,NA,,NA,,,,removed from study- dead 9/26,,,,
Martin,,29,,,,6,2022,,,dead,,,,,,,,,,,,,,,,,,,,,,20220214,,,,0,0,,,,,x,,,,,
Martin,,31,,,,6,2022,,,dead,,,,,,,,,,,,,,,,,,,,,,20220225,,,,0,0,,,,,x,,,,,
Martin,,26,,,,6,2022,,,dead,,,,,,,,,,,,,,,,,,,,,,20220226,,,,0,0,,,,,x,,,,,
Martin,,21,,,,6,2022,,,dead,,,,,,,,,,,,,,,,,,,,,,20220212,,,,0,0,,,,,x,,,,,
Martin,,23,,,,6,2022,,,dead,,,,,,,,,,,,,,,,,,,,,,na,,,,0,0,,,,,x,,,,,
Martin,,24,,,,6,2022,,,dead,,,,,,,,,,,,,,,,,,,,,,20220218,,,,0,0,,,,,x,,,,,
Martin,,22,,,,6,2022,,,dead,,,,,,,,,,,,,,,,,,,,,,20220218,,,,0,0,,,,,x,,,,,
Martin,,32,,,,6,2022,,,dead,,,,,,,,,,,,,,,,,,,,,,20220212,,,,0,0,,,,,x,,,,,
Martin,,28,,,,6,2022,,,dead,,,,,,,,,,,,,,,,,,,,,,20220214,,,,0,0,,,,,x,,,,,
Martin,,25,,,,6,2022,,,dead,,,,,,,,,,,,,,,,,,,,,,20220225,,,,0,0,,,,,x,,,,,
Martin,,30,,,,6,2022,,,dead,,,,,,,,,,,,,,,,,,,,,,20220225,,,,0,0,,,,,x,,,,,
Martin,,33,,,,6,2022,,,dead,,,,,,,,,,,,,,,,,,,,,,20220226,,,,0,0,,,,,x,,,,,
Martin,,27,,,,6,2022,,,dead,,,,,,,,,,,,,,,,,,,,,,20220226,,,,0,0,,,,,x,,,,,
Fortin,,80,,,,6,2022,,,alive,,12,04/22/02,,,,,,,,,,,,,,,,,,,20220311,,0,240,0,12000000,,,,,x,,,,,
Fortin,,75,,,,6,2022,,,alive,,11,04/22/02,,,,,,,,,,,,,,,,,,,20220312,,1,323,0.3333333333,16150000,,,,,x,,,,,
Fortin,,73,,,,6,2022,,,dead,,,,,,,,,,,,,,,,,,,,,,20220312,,,,0,0,,,,,x,,,,,
Fortin,,74,,,5/1/22,6,2022,,,alive,,6,04/22/02,,,,,,,,,,,,,,,,,,,20220309,,0,178,0,8900000,,,,,x,,,,,
Fortin,,81,,,5/1/22,6,2022,,,alive,,7,04/22/02,,,,,,,,,,,,,,,,,,,20220311,,0,297,0,14850000,,,,,x,,,,,
Fortin,,76,,,,6,2022,,,dead,,,,,,,,,,,,,,,,,,,,,,20220311,,,,0,0,,,,,x,,,,,
Fortin,,78,,,,6,2022,,,alive,,7,04/22/02,,,,,,,,,,,,,,,,,,,20220309,,0,87,0,4350000,,,,,x,,,,,
Fortin,,79,,,,6,2022,,,alive,,10,04/22/02,,,,,,,,,,,,,,,,,,,20220311,,0,77,0,3850000,,,,,x,,,,,
Fortin,,77,,,,6,2022,,,dead,,,,,,,,,,,,,,,,,,,,,,20220312,,,,0,0,,,,,x,,,,,
Fortin,,82,,,,6,2022,,,dead,,,,,,,,,,,,,,,,,,,,,,20220311,,,,0,0,,,,,x,,,,,
Fortin,,83,,,5/1/22,6,2022,,,alive,,14,04/22/02,,,,,,,,,,,,,,,,,,,20220311,,0,37,0,1850000,,,,,x,,,,,
Ferland,,68,,,,6,2022,,,alive,,16,04/22/02,,,,,,,,,,,,,,,,,,,20220312,,0,117,0,5850000,,,,,x,,,,,
Ferland,,67,,,,6,2022,,,dead,,,,,,,,,,,,,,,,,,,,,,20220312,,,,0,0,,,,,x,,,,,
Ferland,,69,,,,6,2022,,,dead,,,,,,,,,,,,,,,,,,,,,,na,,,,0,0,,,,,x,,,,,
Ferland,,70,,,,6,2022,,,dead,,,,,,,,,,,,,,,,,,,,,,20220312,,,,0,0,,,,,x,,,,,
Ferland,,71,,,,6,2022,,,alive,,6,04/22/02,,,,,,,,,,,,,,,,,,,20220312,,0,243,0,12150000,,,,,x,,,,,
Ferland,,72,,,,6,2022,,,alive,,7,04/22/02,,,,,,,,,,,,,,,,,,,20220312,,0,314,0,15700000,,,,,x,,,,,
Brigham,,35,,,5/7/22,6,2022,,,alive,,9,04/22/02,,,,,,,,,,,,,,,,,,,20220212,,7,352,2.333333333,17600000,,,,,x,,,,,
Brigham,,38,,,5/7/22,6,2022,,,alive,,10,04/22/02,,,,,,,,,,,,,,,,,,,20220226,,2,180,0.6666666667,9000000,,,,,x,,,,,
Brigham,,36,,,,6,2022,,,dead,,,,,,,,,,,,,,,,,,,,,,20220212,,,,0,0,,,,,x,,,,,
Brigham,,39,,,,6,2022,,,dead,,,,,,,,,,,,,,,,,,,,,,20220214,,,,0,0,,,,,x,,,,,
Brigham,,41,,,5/7/22,6,2022,,,alive,,12,04/22/02,,,,,,,,,,,,,,,,,,,20220214,,8,161,2.666666667,8050000,,,,,x,,,,,
Brigham,,40,,,5/7/22,6,2022,,,alive,,16,04/22/02,,,,,,,,,,,,,,,,,,,20220212,,13,93,4.333333333,4650000,,,,,x,,,,,
Brigham,,34,,,,6,2022,,,dead? no record,,,,,,,,,,,,,,,,,,,,,,20220218,,,,0,0,,,,,x,,,,,
Brigham,,37,,,5/7/22,6,2022,,,alive,,10,04/22/02,,,,,,,,,,,,,,,,,,,20220226,,1,95,0.3333333333,4750000,,,,,x,,,,,
Camisa,,46,,,5/7/22,6,2022,,,alive,,16,05/02/22,,,,,,,,,,,,,,,,,,,20220226,,0,13,0,650000,,,,,x,,,,,
Camisa,,43,,,5/7/22,6,2022,,,alive,,15,05/02/22,,,,,,,,,,,,,,,,,,,20220225,,1,134,0.3333333333,6700000,,,,,x,,,,,
Camisa,,44,,,5/7/22,6,2022,,,alive,,17,05/02/22,,,,,,,,,,,,,,,,,,,20220218,,2,4,0.6666666667,200000,,,,,x,,,,,
Camisa,,42,,,,6,2022,,,alive,,13,05/02/22,,,,,,,,,,,,,,,,,,,20220218,,0,275,0,13750000,,,,,x,,,,,
Camisa,,48,,,5/7/22,6,2022,,,alive,,22,05/02/22,,,,,,,,,,,,,,,,,,,20220218,,1,16,0.3333333333,800000,,,,,x,,,,,
Camisa,,45,,,5/7/22,6,2022,,,alive,,12,05/02/22,,,,,,,,,,,,,,,,,,,20220214,,1,118,0.3333333333,5900000,,,,,x,,,,,
Camisa,,47,,,5/7/22,6,2022,,,alive,,17,05/02/22,,,,,,,,,,,,,,,,,,,20220225,,0,35,0,1750000,,,,,x,,,,,
Yandow,,59,,,,6,2022,,,dead,,,,,,,,,,,,,,,,,,,,,,20220226,,,,0,0,,,,,x,,,,,
Yandow,,60,,,5/7/22,6,2022,,,alive,,12,05/02/22,,,,,,,,,,,,,,,,,,,20220218,,0,87,0,4350000,,,,,x,,,,,
Yandow,,61,,,5/7/22,6,2022,,,alive,,14,05/02/22,,,,,,,,,,,,,,,,,,,20220218,,0,1,0,50000,,,,,x,,,,,
Yandow,,62,,,5/7/22,6,2022,,,alive,,15,05/02/22,,,,,,,,,,,,,,,,,,,20220226,,18,3,6,150000,,,,,x,,,,,
Yandow,,63,,,5/7/22,6,2022,,,alive,,20,05/02/22,,,,,,,,,,,,,,,,,,,20220218,,0,0,0,0,,,,,x,,,,,
Yandow,,64,,,5/7/22,6,2022,,,alive,,14,05/02/22,,,,,,,,,,,,,,,,,,,20220225,,1,1,0.3333333333,50000,,,,,x,,,,,
Yandow,,65,,,,6,2022,,,dead,,,,,,,,,,,,,,,,,,,,,,20220225,,,,0,0,,,,,x,,,,,
Yandow,,66,,,5/7/22,6,2022,,,alive,,12,05/02/22,,,,,,,,,,,,,,,,,,,20220226,,1,7,0.3333333333,350000,,,,,x,,,,,
Allard,,56,,,5/1/22,6,2022,,,alive ,,Sticker on front - 8,05/02/22,,,,,,,,,,,,,,,,,,,20220309,,3,0,1,0,,,,,x,,,,,
Allard,,49,,,,6,2022,,,dead,,,,,,,,,,,,,,,,,,,,,,20220309,,,,0,0,,,,,x,,,,,
Allard,,55,,,,6,2022,,,dead,,,,,,,,,,,,,,,,,,,,,,20220309,,,,0,0,,,,,x,,,,,
Allard,,58,,,,6,2022,,,dead,,,,,,,,,,,,,,,,,,,,,,na,,,,0,0,,,,,x,,,,,
Allard,,50,,,,6,2022,,,dead,,,,,,,,,,,,,,,,,,,,,,20220311,,,,0,0,,,,,x,,,,,
Allard,,53,,,,6,2022,,,dead,,,,,,,,,,,,,,,,,,,,,,20220309,,,,0,0,,,,,x,,,,,
Allard,,57,,,,6,2022,,,dead,,,,,,,,,,,,,,,,,,,,,,20220309,,,,0,0,,,,,x,,,,,
Allard,,51,,,5/1/22,6,2022,,,alive,,20,05/02/22,,,,,,,,,,,,,,,,,,,20220311,,2,5,0.6666666667,250000,,,,,x,,,,,
Allard,,52,,,,6,2022,,,dead,,,,,,,,,,,,,,,,,,,,,,20220309,,,,0,0,,,,,x,,,,,
Allard,,54,,,,6,2022,,,dead,,,,,,,,,,,,,,,,,,,,,,20220309,,,,0,0,,,,,x,,,,,
Georgia,NPQ,84,P1 (from 51-21),2022,7/30/22,7,2022,67.19,2022,,,,,,,,,,,,,,,,,8/10,9:26,11:26,53,51,3.773584906,,,0,3,0,150000,,,,,,,,,,
Georgia,NPQ,85,P1 (from 51-21),2022,7/30/22,7,2022,67.19,2022,,,,,,,,,,,,,,,,,8/10,9:27,11:27,51,19,62.74509804,,,0,8,0,400000,,,,,,,,,,
Georgia,NPQ,86,P1 (from 51-21),2022,7/30/22,7,2022,67.19,2022,,,,,,,,,,,,,,,,,8/10,9:29,11:29,51,46,9.803921569,,,2,2,0.6666666667,100000,,,,,,,,,,
Georgia,NPQ,87,P1 (from 51-21),2022,7/30/22,7,2022,67.19,2022,,,,,,,,,,,,,,,,,8/10,9:32,11:32,51,49,3.921568627,,,0,2,0,100000,,,,,,,,,,
Georgia,NPQ,88,P1 (from 51-21),2022,7/30/22,7,2022,67.19,2022,,,,,,,,,,,,,,,,,8/10,9:36,11:34,52,49,5.769230769,,,0,1,0,50000,,,,,,,,,,
Georgia,NPQ,89,P2 (from 46-21),2022,7/30/22,7,2022,69.20,2022,,,,,,,,,,,,,,,,,8/10,9:38,11:38,54,52,3.703703704,,,0,14,0,700000,,,,,,,,,,
Georgia,NPQ,90,P2 (from 46-21),2022,7/30/22,7,2022,69.20,2022,,,,,,,,,,,,,,,,,8/10,9:40,11:40,50,4,92,,,0,2,0,100000,,,,,,,,,,
Georgia,NPQ,91,P2 (from 46-21),2022,7/30/22,7,2022,69.20,2022,,,,,,,,,,,,,,,,,8/10,9:43,11:43,47,21,55.31914894,,,0,7,0,350000,,,,,,,,,,
Georgia,NPQ,92,P2 (from 46-21),2022,7/30/22,7,2022,69.20,2022,,,,,,,,,,,,,,,,,8/10,9:45,11:45,55,29,47.27272727,,,0,7,0,350000,,,,,,,,,,
Georgia,NPQ,93,P2 (from 46-21),2022,7/30/22,7,2022,69.20,2022,,,,,,,,,,,,,,,,,8/10,9:49,11:49,52,12,76.92307692,,,0,1,0,50000,,,,,,,,,,
Georgia,NPQ,94,P3 (from 61-21),2022,7/30/22,7,2022,69.20,2022,,,,,,,,,,,,,,,,,8/10,9:52,11:52,50,49,2,,,1,8,0.3333333333,400000,,,,,,,,,,
Georgia,NPQ,95,P3 (from 61-21),2022,7/30/22,7,2022,69.20,2022,,,,,,,,,,EFB 8/10,,,,,,,,,,,,,,,0,0,0,0,,,,,,Removed from study 8/10,,,,
Georgia,NPQ,96,P3 (from 61-21),2022,7/30/22,7,2022,69.20,2022,,,,,,,,,,,,,,,,,8/10,10:01,12:01,56,38,32.14285714,,,1,0,0.3333333333,0,,,,,,,,,,
Georgia,NPQ,97,P3 (from 61-21),2022,7/30/22,7,2022,69.20,2022,,,,,,,,,,,,,,,,,8/10,10:03,12:03,52,47,9.615384615,,,1,2,0.3333333333,100000,,,,,,,,,,
Georgia,NPQ,98,P3 (from 61-21),2022,7/30/22,7,2022,69.20,2022,,,,,,,,,,,,,,,,,8/10,10:05,12:05,48,35,27.08333333,,,2,1,0.6666666667,50000,,,,,,,,,,
Georgia,NPQ,99,P4 (from 63-21),2022,7/30/22,7,2022,76.20,2022,,,,,,,,,,,,,,,,,8/10,10:07,12:07,53,49,7.547169811,,,1,3,0.3333333333,150000,,,,,,,,,,
Georgia,NPQ,100,P4 (from 63-21),2022,7/30/22,7,2022,76.20,2022,,,,,,,,,,,,,,,,,8/10,10:11,12:11,55,43,21.81818182,,,0,2,0,100000,,,,,,,,,,
Georgia,NPQ,101,P4 (from 63-21),2022,7/30/22,7,2022,76.20,2022,,,,,,,,,,,,,,,,,8/10,10:12,12:12,50,33,34,,,0,1,0,50000,,,,,,,,,,
Georgia,NPQ,102,P4 (from 63-21),2022,7/30/22,7,2022,76.20,2022,,,,,,,,,,,,,,,,,8/10,10:14,12:14,50,13,74,,,4,2,1.333333333,100000,,,,,,,,,,
Georgia,NPQ,103,P4 (from 63-21),2022,7/30/22,7,2022,76.20,2022,,,,,,,,,,,,,,,,,8/10,10:17,12:16,51,49,3.921568627,,,1,0,0.3333333333,0,,,,,,,,,,
Georgia,NPQ,104,P5 (from 44-21),2022,7/30/22,7,2022,69.20,2022,,,,,,,,,,,,,,,,,8/10,10:19,12:19,52,48,7.692307692,,,1,0,0.3333333333,0,,,,,,,,,,
Georgia,NPQ,105,P5 (from 44-21),2022,7/30/22,7,2022,69.20,2022,,,,,,,,,,,,,,,,,8/10,10:23,12:23,52,47,9.615384615,,,1,3,0.3333333333,150000,,,,,,,,,,
Georgia,NPQ,106,P5 (from 44-21),2022,7/30/22,7,2022,69.20,2022,,,,,,,,,,,,,,,,,8/10,10:25,12:25,55,53,3.636363636,,,2,0,0.6666666667,0,,,,,,,,,,
Georgia,NPQ,107,P5 (from 44-21),2022,7/30/22,7,2022,69.20,2022,,,,,,,,,,,,,,,,,8/10,10:27,12:27,49,49,0,,,0,7,0,350000,,,,,,,,,,
Georgia,NPQ,108,P5 (from 44-21),2022,7/30/22,7,2022,69.20,2022,,,,,,,,,,,,,,,,,8/10,10:29,12:29,53,49,7.547169811,,,0,5,0,250000,,,,,,,,,,
Georgia,FHA,109,86 P,2022,7/30/22,7,2022,-,2022,,,,,,,,,,,,,,,,,8/10,10:31,12:31,53,49,7.547169811,,,0,3,0,150000,,,,,,,,,,
Georgia,FHA,110,86 P,2022,7/30/22,7,2022,-,2022,,,,,,,,,,,,,,,,,8/10,10:33,12:33,47,46,2.127659574,,,1,0,0.3333333333,0,,,,,,,,,,
Georgia,FHA,111,86 P,2022,7/30/22,7,2022,-,2022,,,,,,,,,,YES 8/10,,,,,,,,,,,,,,,0,0,0,0,,,,,,Removed from study 8/10,,,,
Georgia,FHA,112,86 P,2022,7/30/22,7,2022,-,2022,,,,,,,,,,,,,,,,,8/10,10:37,12:37,49,47,4.081632653,,,1,6,0.3333333333,300000,,,,,,,,,,
Georgia,FHA,113,86 P,2022,7/30/22,7,2022,-,2022,,,,,,,,,,,,,,,,,8/10,10:39,12:39,51,49,3.921568627,,,0,6,0,300000,,,,,,,,,,
Georgia,FHA,114,85P,2022,7/30/22,7,2022,-,2022,,,,,,,,,,,,,,,,,8/10,10:42,12:42,52,47,9.615384615,,,3,2,1,100000,,,,,,,,,,
Georgia,FHA,115,85P,2022,7/30/22,7,2022,-,2022,,,,,,,,,,,,,,,,,8/10,10:44,12:44,52,44,15.38461538,,,0,0,0,0,,,,,,,,,,
Georgia,FHA,116,85P,2022,7/30/22,7,2022,-,2022,,,,,,,,,,,,,,,,,8/10,10:46,12:46,51,48,5.882352941,,,0,5,0,250000,,,,,,,,,,
Georgia,FHA,117,85P,2022,7/30/22,7,2022,-,2022,,,,,,,,,,,,,,,,,8/10,10:49,12:49,48,44,8.333333333,,,2,8,0.6666666667,400000,,,,,,,,,,
Georgia,FHA,118,85P,2022,7/30/22,7,2022,-,2022,,,,,,,,,,,,,,,,,Not enough capped brood to test,,,,,,,,2,2,0.6666666667,100000,,,,,,QL 7/30; New laying queen 8/10,,,,
Georgia,FHA,119,84P,2022,7/30/22,7,2022,-,2022,,,,,,,,,,,,,,,,,8/10,10:51,12:50,48,45,6.25,,,1,13,0.3333333333,650000,,,,,,,,,,
Georgia,FHA,120,84P,2022,7/30/22,7,2022,-,2022,,,,,,,,,,,,,,,,,8/10,10:54,12:54,50,25,50,,,0,6,0,300000,,,,,,,,,,
Georgia,FHA,121,84P,2022,7/30/22,7,2022,-,2022,,,,,,,,,,,,,,,,,8/10,10:56,12:56,49,27,44.89795918,,,1,7,0.3333333333,350000,,,,,,,,,,
Georgia,FHA,122,84P,2022,7/30/22,7,2022,-,2022,,,,,,,,,,,,,,,,,8/10,10:59,12:59,53,49,7.547169811,,,0,6,0,300000,,,,,,,,,,
Georgia,FHA,123,84P,2022,7/30/22,7,2022,-,2022,,,,,,,,,,,,,,,,,8/10,11:00,1:00,52,20,61.53846154,,,0,5,0,250000,,,,,,,,,,
Georgia,FHA,124,82P,2022,7/30/22,7,2022,-,2022,,,,,,,,,,,,,,,,,8/10,11:01,1:01,53,41,22.64150943,,,1,0,0.3333333333,0,,,,,,,,,,
Georgia,FHA,125,82P,2022,7/30/22,7,2022,-,2022,,,,,,,,,,,,,,,,,8/10,11:04,1:04,50,43,14,,,0,2,0,100000,,,,,,,,,,
Georgia,FHA,126,82P,2022,7/30/22,7,2022,-,2022,,,,,,,,,,,,,,,,,8/10,11:06,1:06,48,47,2.083333333,,,1,3,0.3333333333,150000,,,,,,,,,,
Georgia,FHA,127,82P,2022,7/30/22,7,2022,-,2022,,,,,,,,,,,,,,,,,8/10,11:08,1:08,51,23,54.90196078,,,0,1,0,50000,,,,,,,,,,
Georgia,FHA,128,82P,2022,7/30/22,7,2022,-,2022,,,,,,,,,,,,,,,,,8/10,11:10,1:10,49,46,6.12244898,,,1,0,0.3333333333,0,,,,,,,,,,
Georgia,FHA,129,81P,2022,7/30/22,7,2022,-,2022,,,,,,,,,,,,,,,,,8/10,11:12,1:12,51,37,27.45098039,,,0,10,0,500000,,,,,,,,,,
Georgia,FHA,130,81P,2022,7/30/22,7,2022,-,2022,,,,,,,,,,,,,,,,,8/10,11:13,1:13,49,49,0,,,1,4,0.3333333333,200000,,,,,,,,,,
Georgia,FHA,131,81P,2022,7/30/22,7,2022,-,2022,,,,,,,,,,,,,,,,,8/10,11:15,1:15,46,45,2.173913043,,,0,1,0,50000,,,,,,,,,,
Georgia,FHA,132,81P,2022,7/30/22,7,2022,-,2022,,,,,,,,,,,,,,,,,8/10,11:18,1:18,47,45,4.255319149,,,1,3,0.3333333333,150000,,,,,,Stingy,,,,
Georgia,FHA,133,81P,2022,7/30/22,7,2022,-,2022,,,,,,,,,,,,,,,,,8/10,11:20,1:20,46,46,0,,,0,8,0,400000,,,,,,,,,,
Rainville,NPQ,134,P1 (from 51-21),2022,7/31/22,7,2022,67.19,2022,,,,,,,,,,,,,,,,,8/12,11:08,1:08,50,49,2,,,0,3,0,150000,,,,,,,,,,
Rainville,NPQ,135,P1 (from 51-21),2022,7/31/22,7,2022,67.19,2022,,,,,,,,,,,,,,,,,8/12,10:13,12:13,52,51,1.923076923,,,1,3,0.3333333333,150000,,,,,,,,,,
Rainville,NPQ,136,P1 (from 51-21),2022,7/31/22,7,2022,67.19,2022,,,,,,,,,,,,,,,,,8/12,10:17,12:17,48,35,27.08333333,,,1,0,0.3333333333,0,,,,,,,,,,
Rainville,NPQ,137,P1 (from 51-21),2022,7/31/22,7,2022,67.19,2022,,,,,,,,,,,,,,,,,8/12,10:19,12:18,50,50,0,,,1,1,0.3333333333,50000,,,,,,,,,,
Rainville,NPQ,138,P1 (from 51-21),2022,7/31/22,7,2022,67.19,2022,,,,,,,,,,,,,,,,,8/12,10:21,12:21,50,0,100,,,3,0,1,0,,,,,,,,,,
Rainville,NPQ,139,P2 (from 46-21),2022,7/31/22,7,2022,69.20,2022,,,,,,,,,,,,,,,,,8/12,11:01,1:01,49,48,2.040816327,,,1,5,0.3333333333,250000,,,,,,,,,,
Rainville,NPQ,140,P2 (from 46-21),2022,7/31/22,7,2022,69.20,2022,,,,,,,,,,,,,,,,,8/12,9:57,11:57,49,29,40.81632653,,,0,11,0,550000,,,,,,,,,,
Rainville,NPQ,141,P2 (from 46-21),2022,7/31/22,7,2022,69.20,2022,,,,,,,,,,,,,,,,,8/12,10:01,12:01,49,47,4.081632653,,,1,2,0.3333333333,100000,,,,,,,,,,
Rainville,NPQ,142,P2 (from 46-21),2022,7/31/22,7,2022,69.20,2022,,,,,,,,,,,,,,,,,8/12,10:03,12:02,52,46,11.53846154,,,0,3,0,150000,,,,,,,,,,
Rainville,NPQ,143,P2 (from 46-21),2022,7/31/22,7,2022,69.20,2022,,,,,,,,,,,,,,,,,8/12,10:05,12:05,56,24,57.14285714,,,0,4,0,200000,,,,,,,,,,
Rainville,NPQ,144,P3 (from 61-21),2022,7/31/22,7,2022,69.20,2022,,,,,,,,,,,,,,,,,8/12,10:57,12:57,54,48,11.11111111,,,1,5,0.3333333333,250000,,,,,,,,,,
Rainville,NPQ,145,P3 (from 61-21),2022,7/31/22,7,2022,69.20,2022,,,,,,,,,,,,,,,,,8/12,10:54,12:54,47,47,0,,,0,1,0,50000,,,,,,,,,,
Rainville,NPQ,146,P3 (from 61-21),2022,7/31/22,7,2022,69.20,2022,,,,,,,,,,,,,,,,,8/12,10:52,12:52,50,50,0,,,1,0,0.3333333333,0,,,,,,,,,,
Rainville,NPQ,147,P3 (from 61-21),2022,7/31/22,7,2022,69.20,2022,,,,,,,,,,DWV 8/12,,,,,,,8/12,10:50,12:50,52,51,1.923076923,,,3,4,1,200000,,,,,,,,,,
Rainville,NPQ,148,P3 (from 61-21),2022,7/31/22,7,2022,69.20,2022,,,,,,,,,,,,,,,,,8/12,10:48,12:48,53,33,37.73584906,,,0,3,0,150000,,,,,,,,,,
Rainville,NPQ,149,P4 (from 63-21),2022,7/31/22,7,2022,76.20,2022,,,,,,,,,,,,,,,,,8/12,10:46,12:46,49,23,53.06122449,,,0,1,0,50000,,,,,,,,,,
Rainville,NPQ,150,P4 (from 63-21),2022,7/31/22,7,2022,76.20,2022,,,,,,,,,,,,,,,,,8/12,10:42,12:42,46,45,2.173913043,,,1,10,0.3333333333,500000,,,,,,,,,,
Rainville,NPQ,151,P4 (from 63-21),2022,7/31/22,7,2022,76.20,2022,,,,,,,,,,,,,,,,,8/12,9:54,11:53,49,37,24.48979592,,,0,11,0,550000,,,,,,,,,,
Rainville,NPQ,152,P4 (from 63-21),2022,7/31/22,7,2022,76.20,2022,,,,,,,,,,,,,,,,,,,,,,,,,0,2,0,100000,,,,,,QL 7/31; QL 8/12; Removed from study 8/12,,,,
Rainville,NPQ,153,P4 (from 63-21),2022,7/31/22,7,2022,76.20,2022,,,,,,,,,,,,,,,,,8/12,9:59,11:58,52,44,15.38461538,,,4,0,1.333333333,0,,,,,,,,,,
Rainville,NPQ,154,P5 (from 44-21),2022,7/31/22,7,2022,69.20,2022,,,,,,,,,,,,,,,,,8/12,9:52,11:52,55,38,30.90909091,,,2,1,0.6666666667,50000,,,,,,,,,,
Rainville,NPQ,155,P5 (from 44-21),2022,7/31/22,7,2022,69.20,2022,,,,,,,,,,,,,,,,,8/12,9:51,11:51,51,50,1.960784314,,,1,11,0.3333333333,550000,,,,,,,,,,
Rainville,NPQ,156,P5 (from 44-21),2022,7/31/22,7,2022,69.20,2022,,,,,,,,,,,,,,,,,8/12,9:48,11:47,34,33,2.941176471,,,0,6,0,300000,,,,,,,,,,
Rainville,NPQ,157,P5 (from 44-21),2022,7/31/22,7,2022,69.20,2022,,,,,,,,,,,,,,,,,8/12,9:45,11:45,53,7,86.79245283,,,0,0,0,0,,,,,,,,,,
Rainville,NPQ,158,P5 (from 44-21),2022,7/31/22,7,2022,69.20,2022,,,,,,,,,,,,,,,,,8/12,9:42,11:43,51,50,1.960784314,,,0,1,0,50000,,,,,,,,,,
Rainville,FHA,159,86 P,2022,7/31/22,7,2022,-,2022,,,,,,,,,,,,,,,,,8/12,10:43,12:43,53,53,0,,,0,0,0,0,,,,,,,,,,
Rainville,FHA,160,86 P,2022,7/31/22,7,2022,-,2022,,,,,,,,,,,,,,,,,8/12,10:40,12:39,48,47,2.083333333,,,0,9,0,450000,,,,,,,,,,
Rainville,FHA,161,86 P,2022,7/31/22,7,2022,-,2022,,,,,,,,,,,,,,,,,8/12,10:59,1:01,50,23,54,,,3,2,1,100000,,,,,,,,,,
Rainville,FHA,162,86 P,2022,7/31/22,7,2022,-,2022,,,,,,,,,,,,,,,,,8/12,11:03,1:03,55,46,16.36363636,,,1,2,0.3333333333,100000,,,,,,,,,,
Rainville,FHA,163,86 P,2022,7/31/22,7,2022,-,2022,,,,,,,,,,,,,,,,,8/12,11:05,1:06,39,33,15.38461538,,,0,5,0,250000,,,,,,,,,,
Rainville,FHA,164,85P,2022,7/31/22,7,2022,-,2022,,,,,,,,,,,,,,,,,8/12,10:37,12:37,50,45,10,,,0,10,0,500000,,,,,,,,,,
Rainville,FHA,165,85P,2022,7/31/22,7,2022,-,2022,,,,,,,,,,,,,,,,,8/12,10:35,12:34,55,54,1.818181818,,,0,0,0,0,,,,,,,,,,
Rainville,FHA,166,85P,2022,7/31/22,7,2022,-,2022,,,,,,,,,,,,,,,,,8/12,10:31,12:30,48,46,4.166666667,,,0,0,0,0,,,,,,,,,,
Rainville,FHA,167,85P,2022,7/31/22,7,2022,-,2022,,,,,,,,,,,,,,,,,8/12,10:28,12:28,47,47,0,,,3,1,1,50000,,,,,,,,,,
Rainville,FHA,168,85P,2022,7/31/22,7,2022,-,2022,,,,,,,,,,,,,,,,,8/12,10:26,12:25,48,34,29.16666667,,,0,1,0,50000,,,,,,,,,,
Rainville,FHA,169,84P,2022,7/31/22,7,2022,-,2022,,,,,,,,,,,,,,,,,8/12,10:33,12:32,53,36,32.0754717,,,2,0,0.6666666667,0,,,,,,,,,,
Rainville,FHA,170,84P,2022,7/31/22,7,2022,-,2022,,,,,,,,,,,,,,,,,8/12,10:15,12:15,54,51,5.555555556,,,3,3,1,150000,,,,,,,,,,
Rainville,FHA,171,84P,2022,7/31/22,7,2022,-,2022,,,,,,,,,,,,,,,,,8/12,10:11,12:11,51,10,80.39215686,,,NA,2,,100000,,,,,,July varroa sample missing,,,,
Rainville,FHA,172,84P,2022,7/31/22,7,2022,-,2022,,,,,,,,,,,,,,,,,8/12,10:09,12:09,46,46,0,,,1,1,0.3333333333,50000,,,,,,,,,,
Rainville,FHA,173,84P,2022,7/31/22,7,2022,-,2022,,,,,,,,,,,,,,,,,8/12,10:07,12:07,49,6,87.75510204,,,0,1,0,50000,,,,,,,,,,
Rainville,FHA,174,82P,2022,7/31/22,7,2022,-,2022,,,,,,,,,,,,,,,,,8/12,11:22,1:22,52,35,32.69230769,,,0,2,0,100000,,,,,,,,,,
Rainville,FHA,175,82P,2022,7/31/22,7,2022,-,2022,,,,,,,,,,,,,,,,,8/12,11:18,1:18,53,39,26.41509434,,,2,2,0.6666666667,100000,,,,,,,,,,
Rainville,FHA,176,82P,2022,7/31/22,7,2022,-,2022,,,,,,,,,,,,,,,,,8/12,11:15,1:14,50,9,82,,,1,2,0.3333333333,100000,,,,,,,,,,
Rainville,FHA,177,82P,2022,7/31/22,7,2022,-,2022,,,,,,,,,,,,,,,,,8/12,11:13,1:12,52,52,0,,,0,0,0,0,,,,,,,,,,
Rainville,FHA,178,82P,2022,7/31/22,7,2022,-,2022,,,,,,,,,,,,,,,,,8/12,10:23,12:23,48,40,16.66666667,,,NA,NA,,,,,,,,July varroa sample missing,,,,
Rainville,FHA,179,81P,2022,7/31/22,7,2022,-,2022,,,,,,,,,,,,,,,,,8/12,10:24,12:23,49,43,12.24489796,,,0,2,0,100000,,,,,,,,,,
Rainville,FHA,180,81P,2022,7/31/22,7,2022,-,2022,,,,,,,,,,,,,,,,,8/12,11:07,1:07,52,49,5.769230769,,,0,2,0,100000,,,,,,,,,,
Rainville,FHA,181,81P,2022,7/31/22,7,2022,-,2022,,,,,,,,,,,,,,,,,8/12,11:10,1:10,50,34,32,,,0,0,0,0,,,,,,,,,,
Rainville,FHA,182,81P,2022,7/31/22,7,2022,-,2022,,,,,,,,,,YES 8/12,,,,,,,,,,,,#DIV/0!,,,0,0,0,0,,,,,,Removed from study 8/12,,,,
Rainville,FHA,183,81P,2022,7/31/22,7,2022,-,2022,,,,,,,,,,,,,,,,,8/12,11:20,1:20,50,1,98,,,1,4,0.3333333333,200000,,,,,,,,,,
Georgia,NPQ,84,P1 (from 51-21),2022,,8,2022,67.19,2022,,,,,,,,,,,8/24/22,8/25/22,6,175,0,100.00%,,,,,,,,,,,,,,,,,,,,,,
Georgia,NPQ,85,P1 (from 51-21),2022,,8,2022,67.19,2022,,,,,,,,,,,8/24/22,8/25/22,5,187,0,100.00%,,,,,,,,,,,,,,,,,,,,,,
Georgia,NPQ,86,P1 (from 51-21),2022,,8,2022,67.19,2022,,,,,,,,,,,8/24/22,8/25/22,2,167,0,100.00%,,,,,,,,,,,,,,,,,,,,,,
Georgia,NPQ,87,P1 (from 51-21),2022,,8,2022,67.19,2022,,,,,,,,,,,8/24/22,8/25/22,6,131,2,98.47%,,,,,,,,,,,,,,,,,,,,,,
Georgia,NPQ,88,P1 (from 51-21),2022,,8,2022,67.19,2022,,,,,,,,,,,,,,,,,,,,,,,,,,,,,,,,,,,,,,
Georgia,NPQ,89,P2 (from 46-21),2022,,8,2022,69.20,2022,,,,,,,,,,,,,,,,,,,,,,,,,,,,,,,,,,,,,,
Georgia,NPQ,90,P2 (from 46-21),2022,,8,2022,69.20,2022,,,,,,,,,,,8/24/22,8/25/22,15,152,12,92.11%,,,,,,,,,,,,,,,,,,,,,,
Georgia,NPQ,91,P2 (from 46-21),2022,,8,2022,69.20,2022,,,,,,,,,,,,,,,,,,,,,,,,,,,,,,,,,,,,,,
Georgia,NPQ,92,P2 (from 46-21),2022,,8,2022,69.20,2022,,,,,,,,,,,,,,,,,,,,,,,,,,,,,,,,,,,,,,
Georgia,NPQ,93,P2 (from 46-21),2022,,8,2022,69.20,2022,,,,,,,,,,,8/24/22,8/25/22,24,154,0,100.00%,,,,,,,,,,,,,,,,,,,,,,
Georgia,NPQ,94,P3 (from 61-21),2022,,8,2022,69.20,2022,,,,,,,,,,,,,,,,,,,,,,,,,,,,,,,,,,,,,,
Georgia,NPQ,95,P3 (from 61-21),2022,,8,2022,69.20,2022,,,,,,,,,,,,,,,,,,,,,,,,,,,,,,,,,,,,,,
Georgia,NPQ,96,P3 (from 61-21),2022,,8,2022,69.20,2022,,,,,,,,,,,8/24/22,8/25/22,2,108,6,94.44%,,,,,,,,,,,,,,,,,,,,,,
Georgia,NPQ,97,P3 (from 61-21),2022,,8,2022,69.20,2022,,,,,,,,,,,8/24/22,8/25/22,3,165,5,96.97%,,,,,,,,,,,,,,,,,,,,,,
Georgia,NPQ,98,P3 (from 61-21),2022,,8,2022,69.20,2022,,,,,,,,,,,8/24/22,8/25/22,13,133,0,100.00%,,,,,,,,,,,,,,,,,,,,,,
Georgia,NPQ,99,P4 (from 63-21),2022,,8,2022,76.20,2022,,,,,,,,,,,,,,,,,,,,,,,,,,,,,,,,,,,,,,
Georgia,NPQ,100,P4 (from 63-21),2022,,8,2022,76.20,2022,,,,,,,,,,,,,,,,,,,,,,,,,,,,,,,,,,,,,,
Georgia,NPQ,101,P4 (from 63-21),2022,,8,2022,76.20,2022,,,,,,,,,,,8/24/22,8/25/22,8,143,52,63.64%,,,,,,,,,,,,,,,,,,,,,,
Georgia,NPQ,102,P4 (from 63-21),2022,,8,2022,76.20,2022,,,,,,,,,,,8/24/22,8/25/22,14,145,0,100.00%,,,,,,,,,,,,,,,,,,,,,,
Georgia,NPQ,103,P4 (from 63-21),2022,,8,2022,76.20,2022,,,,,,,,,,,,,,,,,,,,,,,,,,,,,,,,,,,,,,
Georgia,NPQ,104,P5 (from 44-21),2022,,8,2022,69.20,2022,,,,,,,,,,,8/24/22,8/25/22,15,161,0,100.00%,,,,,,,,,,,,,,,,,,,,,,
Georgia,NPQ,105,P5 (from 44-21),2022,,8,2022,69.20,2022,,,,,,,,,,,,,,,,,,,,,,,,,,,,,,,,,,,,,,
Georgia,NPQ,106,P5 (from 44-21),2022,,8,2022,69.20,2022,,,,,,,,,,,8/24/22,8/25/22,10,136,0,100.00%,,,,,,,,,,,,,,,,,,,,,,
Georgia,NPQ,107,P5 (from 44-21),2022,,8,2022,69.20,2022,,,,,,,,,,,8/24/22,8/25/22,18,137,0,100.00%,,,,,,,,,,,,,,,,,,,,,,
Georgia,NPQ,108,P5 (from 44-21),2022,,8,2022,69.20,2022,,,,,,,,,,,,,,,,,,,,,,,,,,,,,,,,,,,,,,
Georgia,FHA,109,86 P,2022,,8,2022,-,2022,,,,,,,,,,,8/24/22,8/25/22,7,169,0,100.00%,,,,,,,,,,,,,,,,,,,,,,
Georgia,FHA,110,86 P,2022,,8,2022,-,2022,,,,,,,,,,,8/24/22,8/25/22,14,142,3,97.89%,,,,,,,,,,,,,,,,,,,,,,
Georgia,FHA,111,86 P,2022,,8,2022,-,2022,,,,,,,,,,,,,,,,,,,,,,,,,,,,,,,,,,,,,,
Georgia,FHA,112,86 P,2022,,8,2022,-,2022,,,,,,,,,,,8/24/22,8/25/22,35,136,0,100.00%,,,,,,,,,,,,,,,,,,,,,,
Georgia,FHA,113,86 P,2022,,8,2022,-,2022,,,,,,,,,,,,,,,,,,,,,,,,,,,,,,,,,,,,,,
Georgia,FHA,114,85P,2022,,8,2022,-,2022,,,,,,,,,,,8/24/22,8/25/22,4,142,0,100.00%,,,,,,,,,,,,,,,,,,,,,,
Georgia,FHA,115,85P,2022,,8,2022,-,2022,,,,,,,,,,,,,,,,,,,,,,,,,,,,,,,,,,,,,,
Georgia,FHA,116,85P,2022,,8,2022,-,2022,,,,,,,,,,,8/24/22,8/25/22,15,152,4,97.37%,,,,,,,,,,,,,,,,,,,,,,
Georgia,FHA,117,85P,2022,,8,2022,-,2022,,,,,,,,,,,,,,,,,,,,,,,,,,,,,,,,,,,,,,
Georgia,FHA,118,85P,2022,,8,2022,-,2022,,,,,,,,,,,,,,,,,,,,,,,,,,,,,,,,,,,,,,
Georgia,FHA,119,84P,2022,,8,2022,-,2022,,,,,,,,,,,8/24/22,8/25/22,7,141,0,100.00%,,,,,,,,,,,,,,,,,,,,,,
Georgia,FHA,120,84P,2022,,8,2022,-,2022,,,,,,,,,,,,,,,,,,,,,,,,,,,,,,,,,,,,,,
Georgia,FHA,121,84P,2022,,8,2022,-,2022,,,,,,,,,,,8/24/22,8/25/22,23,143,0,100.00%,,,,,,,,,,,,,,,,,,,,,,
Georgia,FHA,122,84P,2022,,8,2022,-,2022,,,,,,,,,,,8/24/22,8/25/22,14,155,61,60.65%,,,,,,,,,,,,,,,,,,,,,,
Georgia,FHA,123,84P,2022,,8,2022,-,2022,,,,,,,,,,,8/24/22,8/25/22,21,132,4,96.97%,,,,,,,,,,,,,,,,,,,,,,
Georgia,FHA,124,82P,2022,,8,2022,-,2022,,,,,,,,,,,,,,,,,,,,,,,,,,,,,,,,,,,,,,
Georgia,FHA,125,82P,2022,,8,2022,-,2022,,,,,,,,,,,,,,,,,,,,,,,,,,,,,,,,,,,,,,
Georgia,FHA,126,82P,2022,,8,2022,-,2022,,,,,,,,,,,,,,,,,,,,,,,,,,,,,,,,,,,,,,
Georgia,FHA,127,82P,2022,,8,2022,-,2022,,,,,,,,,,,,,,,,,,,,,,,,,,,,,,,,,,,,,,
Georgia,FHA,128,82P,2022,,8,2022,-,2022,,,,,,,,,,,,,,,,,,,,,,,,,,,,,,,,,,,,,,
Georgia,FHA,129,81P,2022,,8,2022,-,2022,,,,,,,,,,,8/24/22,8/25/22,11,166,38,77.11%,,,,,,,,,,,,,,,,,,,,,,
Georgia,FHA,130,81P,2022,,8,2022,-,2022,,,,,,,,,,,,,8,126,,,,,,,,,,,,,,,,,,,,,,,,
Georgia,FHA,131,81P,2022,,8,2022,-,2022,,,,,,,,,,,8/24/22,8/25/22,8,126,0,100.00%,,,,,,,,,,,,,,,,,,,,,,
Georgia,FHA,132,81P,2022,,8,2022,-,2022,,,,,,,,,,,8/24/22,8/25/22,,,,,,,,,,,,,,,,,,,,,,,,,,
Georgia,FHA,133,81P,2022,,8,2022,-,2022,,,,,,,,,,,8/24/22,8/25/22,,,,,,,,,,,,,,,,,,,,,,,,,,
Rainville,NPQ,134,P1 (from 51-21),2022,,8,2022,67.19,2022,,,,,,,,,,,8/24/22,8/25/22,11,156,14,91.03%,,,,,,,,,,,,,,,,,,,,,,
Rainville,NPQ,135,P1 (from 51-21),2022,,8,2022,67.19,2022,,,,,,,,,,,8/24/22,8/25/22,7,159,60,62.26%,,,,,,,,,,,,,,,,,,,,,,
Rainville,NPQ,136,P1 (from 51-21),2022,,8,2022,67.19,2022,,,,,,,,,,,8/24/22,8/25/22,11,168,59,64.88%,,,,,,,,,,,,,,,,,,,,,,
Rainville,NPQ,137,P1 (from 51-21),2022,,8,2022,67.19,2022,,,,,,,,,,,8/24/22,8/25/22,4,156,23,85.26%,,,,,,,,,,,,,,,,,,,,,,
Rainville,NPQ,138,P1 (from 51-21),2022,,8,2022,67.19,2022,,,,,,,,,,,8/24/22,8/25/22,21,154,63,59.09%,,,,,,,,,,,,,,,,,,,,,,
Rainville,NPQ,139,P2 (from 46-21),2022,,8,2022,69.20,2022,,,,,,,,,,,8/24/22,8/25/22,,,,,,,,,,,,,,,,,,,,,,,,,,
Rainville,NPQ,140,P2 (from 46-21),2022,,8,2022,69.20,2022,,,,,,,,,,,8/24/22,8/25/22,,,,,,,,,,,,,,,,,,,,,,,,,,
Rainville,NPQ,141,P2 (from 46-21),2022,,8,2022,69.20,2022,,,,,,,,,,,8/24/22,8/25/22,5,179,2,98.88%,,,,,,,,,,,,,,,,,,,,,,
Rainville,NPQ,142,P2 (from 46-21),2022,,8,2022,69.20,2022,,,,,,,,,,,8/24/22,8/25/22,,,,,,,,,,,,,,,,,,,,,,,,,,
Rainville,NPQ,143,P2 (from 46-21),2022,,8,2022,69.20,2022,,,,,,,,,,,8/24/22,8/25/22,,,,,,,,,,,,,,,,,,,,,,,,,,
Rainville,NPQ,144,P3 (from 61-21),2022,,8,2022,69.20,2022,,,,,,,,,,,8/24/22,8/25/22,22,136,3,97.79%,,,,,,,,,,,,,,,,,,,,,,
Rainville,NPQ,145,P3 (from 61-21),2022,,8,2022,69.20,2022,,,,,,,,,,,8/24/22,8/25/22,,,,,,,,,,,,,,,,,,,,,,,,,,
Rainville,NPQ,146,P3 (from 61-21),2022,,8,2022,69.20,2022,,,,,,,,,,,8/24/22,8/25/22,15,103,0,100.00%,,,,,,,,,,,,,,,,,,,,,,
Rainville,NPQ,147,P3 (from 61-21),2022,,8,2022,69.20,2022,,,,,,,,,,,8/24/22,8/25/22,,,,,,,,,,,,,,,,,,,,,,,,,,
Rainville,NPQ,148,P3 (from 61-21),2022,,8,2022,69.20,2022,,,,,,,,,,,8/24/22,8/25/22,,,,,,,,,,,,,,,,,,,,,,,,,,
Rainville,NPQ,149,P4 (from 63-21),2022,,8,2022,76.20,2022,,,,,,,,,,,8/24/22,8/25/22,6,147,19,87.07%,,,,,,,,,,,,,,,,,,,,,,
Rainville,NPQ,150,P4 (from 63-21),2022,,8,2022,76.20,2022,,,,,,,,,,,8/24/22,8/25/22,,,,,,,,,,,,,,,,,,,,,,,,,,
Rainville,NPQ,151,P4 (from 63-21),2022,,8,2022,76.20,2022,,,,,,,,,,,8/24/22,8/25/22,25,150,6,96.00%,,,,,,,,,,,,,,,,,,,,,,
Rainville,NPQ,152,P4 (from 63-21),2022,,8,2022,76.20,2022,,,,,,,,,,,8/24/22,8/25/22,,,,,,,,,,,,,,,,,,,,,,,,,,
Rainville,NPQ,153,P4 (from 63-21),2022,,8,2022,76.20,2022,,,,,,,,,,,8/24/22,8/25/22,4,138,0,100.00%,,,,,,,,,,,,,,,,,,,,,,
Rainville,NPQ,154,P5 (from 44-21),2022,,8,2022,69.20,2022,,,,,,,,,,,8/24/22,8/25/22,11,140,17,87.86%,,,,,,,,,,,,,,,,,,,,,,
Rainville,NPQ,155,P5 (from 44-21),2022,,8,2022,69.20,2022,,,,,,,,,,,8/24/22,8/25/22,,,,,,,,,,,,,,,,,,,,,,,,,,
Rainville,NPQ,156,P5 (from 44-21),2022,,8,2022,69.20,2022,,,,,,,,,,,8/24/22,8/25/22,,,,,,,,,,,,,,,,,,,,,,,,,,
Rainville,NPQ,157,P5 (from 44-21),2022,,8,2022,69.20,2022,,,,,,,,,,,8/24/22,8/25/22,22,119,0,100.00%,,,,,,,,,,,,,,,,,,,,,,
Rainville,NPQ,158,P5 (from 44-21),2022,,8,2022,69.20,2022,,,,,,,,,,,8/24/22,8/25/22,17,108,23,78.70%,,,,,,,,,,,,,,,,,,,,,,
Rainville,FHA,159,86 P,2022,,8,2022,-,2022,,,,,,,,,,,8/24/22,8/25/22,,,,,,,,,,,,,,,,,,,,,,,,,,
Rainville,FHA,160,86 P,2022,,8,2022,-,2022,,,,,,,,,,,8/24/22,8/25/22,,,,,,,,,,,,,,,,,,,,,,,,,,
Rainville,FHA,161,86 P,2022,,8,2022,-,2022,,,,,,,,,,,8/24/22,8/25/22,,,,,,,,,,,,,,,,,,,,,,,,,,
Rainville,FHA,162,86 P,2022,,8,2022,-,2022,,,,,,,,,,,8/24/22,8/25/22,4,173,98,43.35%,,,,,,,,,,,,,,,,,,,,,,
Rainville,FHA,163,86 P,2022,,8,2022,-,2022,,,,,,,,,,,8/24/22,8/25/22,,,,,,,,,,,,,,,,,,,,,,,,,,
Rainville,FHA,164,85P,2022,,8,2022,-,2022,,,,,,,,,,,8/24/22,8/25/22,,,,,,,,,,,,,,,,,,,,,,,,,,
Rainville,FHA,165,85P,2022,,8,2022,-,2022,,,,,,,,,,,8/24/22,8/25/22,,,,,,,,,,,,,,,,,,,,,,,,,,
Rainville,FHA,166,85P,2022,,8,2022,-,2022,,,,,,,,,,,8/24/22,8/25/22,,,,,,,,,,,,,,,,,,,,,,,,,,
Rainville,FHA,167,85P,2022,,8,2022,-,2022,,,,,,,,,,,8/24/22,8/25/22,,,,,,,,,,,,,,,,,,,,,,,,,,
Rainville,FHA,168,85P,2022,,8,2022,-,2022,,,,,,,,,,,8/24/22,8/25/22,,,,,,,,,,,,,,,,,,,,,,,,,,
Rainville,FHA,169,84P,2022,,8,2022,-,2022,,,,,,,,,,,8/24/22,8/25/22,5,147,34,76.87%,,,,,,,,,,,,,,,,,,,,,,
Rainville,FHA,170,84P,2022,,8,2022,-,2022,,,,,,,,,,,8/24/22,8/25/22,6,137,43,68.61%,,,,,,,,,,,,,,,,,,,,,,
Rainville,FHA,171,84P,2022,,8,2022,-,2022,,,,,,,,,,,8/24/22,8/25/22,11,165,44,73.33%,,,,,,,,,,,,,,,,,,,,,,
Rainville,FHA,172,84P,2022,,8,2022,-,2022,,,,,,,,,,,8/24/22,8/25/22,11,151,15,90.07%,,,,,,,,,,,,,,,,,,,,,,
Rainville,FHA,173,84P,2022,,8,2022,-,2022,,,,,,,,,,,8/24/22,8/25/22,26,116,43,62.93%,,,,,,,,,,,,,,,,,,,,,,
Rainville,FHA,174,82P,2022,,8,2022,-,2022,,,,,,,,,,,8/24/22,8/25/22,,,,,,,,,,,,,,,,,,,,,,,,,,
Rainville,FHA,175,82P,2022,,8,2022,-,2022,,,,,,,,,,,8/24/22,8/25/22,,,,,,,,,,,,,,,,,,,,,,,,,,
Rainville,FHA,176,82P,2022,,8,2022,-,2022,,,,,,,,,,,8/24/22,8/25/22,3,127,0,100.00%,,,,,,,,,,,,,,,,,,,,,,
Rainville,FHA,177,82P,2022,,8,2022,-,2022,,,,,,,,,,,8/24/22,8/25/22,14,176,76,56.82%,,,,,,,,,,,,,,,,,,,,,,
Rainville,FHA,178,82P,2022,,8,2022,-,2022,,,,,,,,,,,8/24/22,8/25/22,,,,,,,,,,,,,,,,,,,,,,,,,,
Rainville,FHA,179,81P,2022,,8,2022,-,2022,,,,,,,,,,,8/24/22,8/25/22,,,,,,,,,,,,,,,,,,,,,,,,,,
Rainville,FHA,180,81P,2022,,8,2022,-,2022,,,,,,,,,,,8/24/22,8/25/22,12,133,0,100.00%,,,,,,,,,,,,,,,,,,,,,,
Rainville,FHA,181,81P,2022,,8,2022,-,2022,,,,,,,,,,,8/24/22,8/25/22,2,156,24,84.62%,,,,,,,,,,,,,,,,,,,,,,
Rainville,FHA,182,81P,2022,,8,2022,-,2022,,,,,,,,,,,8/24/22,8/25/22,,,,,,,,,,,,,,,,,,,,,,,,,,
Rainville,FHA,183,81P,2022,,8,2022,-,2022,,,,,,,,,,,8/24/22,8/25/22,14,158,0,100.00%,,,,,,,,,,,,,,,,,,,,,,
Georgia,NPQ,84,P1 (from 51-21),2022,9/3/22,9,2022,67.19,2022,,,,,,,,,,,,,,,,,,,,,,,,,0,,0,0,,,,,,,,,,
Georgia,NPQ,85,P1 (from 51-21),2022,9/3/22,9,2022,67.19,2022,,,,,,,,,,,,,,,,,,,,,,,,,2,,0.6666666667,0,,,,,,,,,,
Georgia,NPQ,86,P1 (from 51-21),2022,9/3/22,9,2022,67.19,2022,,,,,,,,,,,,,,,,,,,,,,,,,6,,2,0,,,,,,,,,,
Georgia,NPQ,87,P1 (from 51-21),2022,9/3/22,9,2022,67.19,2022,,,,,,,,,,,,,,,,,,,,,,,,,1,,0.3333333333,0,,,,,,,,,,
Georgia,NPQ,88,P1 (from 51-21),2022,9/3/22,9,2022,67.19,2022,,,,,,,,,,,,,,,,,,,,,,,,,1,,0.3333333333,0,,,,,,,,,,
Georgia,NPQ,89,P2 (from 46-21),2022,9/3/22,9,2022,69.20,2022,,,,,,,,,,,,,,,,,,,,,,,,,0,,0,0,,,,,,,,,,
Georgia,NPQ,90,P2 (from 46-21),2022,9/3/22,9,2022,69.20,2022,,,,,,,,,,,,,,,,,,,,,,,,,4,,1.333333333,0,,,,,,,,,,
Georgia,NPQ,91,P2 (from 46-21),2022,9/3/22,9,2022,69.20,2022,,,,,,,,,,,,,,,,,,,,,,,,,5,,1.666666667,0,,,,,,,,,,
Georgia,NPQ,92,P2 (from 46-21),2022,9/3/22,9,2022,69.20,2022,,,,,,,,,,,,,,,,,,,,,,,,,0,,0,0,,,,,,,,,,
Georgia,NPQ,93,P2 (from 46-21),2022,9/3/22,9,2022,69.20,2022,,,,,,,,,,,,,,,,,,,,,,,,,1,,0.3333333333,0,,,,,,,,,,
Georgia,NPQ,94,P3 (from 61-21),2022,9/3/22,9,2022,69.20,2022,,,,,,,,,,,,,,,,,,,,,,,,,0,,0,0,,,,,,,,,,
Georgia,NPQ,95,P3 (from 61-21),2022,9/3/22,9,2022,69.20,2022,,,,,,,,,,,,,,,,,,,,,,,,,1,,0.3333333333,0,,,,,,,,,,
Georgia,NPQ,96,P3 (from 61-21),2022,9/3/22,9,2022,69.20,2022,,,,,,,,,,,,,,,,,,,,,,,,,2,,0.6666666667,0,,,,,,,,,,
Georgia,NPQ,97,P3 (from 61-21),2022,9/3/22,9,2022,69.20,2022,,,,,,,,,,,,,,,,,,,,,,,,,0,,0,0,,,,,,,,,,
Georgia,NPQ,98,P3 (from 61-21),2022,9/3/22,9,2022,69.20,2022,,,,,,,,,,,,,,,,,,,,,,,,,1,,0.3333333333,0,,,,,,,,,,
Georgia,NPQ,99,P4 (from 63-21),2022,9/3/22,9,2022,76.20,2022,,,,,,,,,,,,,,,,,,,,,,,,,3,,1,0,,,,,,,,,,
Georgia,NPQ,100,P4 (from 63-21),2022,9/3/22,9,2022,76.20,2022,,,,,,,,,,,,,,,,,,,,,,,,,3,,1,0,,,,,,,,,,
Georgia,NPQ,101,P4 (from 63-21),2022,9/3/22,9,2022,76.20,2022,,,,,,,,,,,,,,,,,,,,,,,,,4,,1.333333333,0,,,,,,,,,,
Georgia,NPQ,102,P4 (from 63-21),2022,9/3/22,9,2022,76.20,2022,,,,,,,,,,,,,,,,,,,,,,,,,5,,1.666666667,0,,,,,,,,,,
Georgia,NPQ,103,P4 (from 63-21),2022,9/3/22,9,2022,76.20,2022,,,,,,,,,,,,,,,,,,,,,,,,,2,,0.6666666667,0,,,,,,,,,,
Georgia,NPQ,104,P5 (from 44-21),2022,9/3/22,9,2022,69.20,2022,,,,,,,,,,,,,,,,,,,,,,,,,4,,1.333333333,0,,,,,,,,,,
Georgia,NPQ,105,P5 (from 44-21),2022,9/3/22,9,2022,69.20,2022,,,,,,,,,,,,,,,,,,,,,,,,,2,,0.6666666667,0,,,,,,,,,,
Georgia,NPQ,106,P5 (from 44-21),2022,9/3/22,9,2022,69.20,2022,,,,,,,,,,,,,,,,,,,,,,,,,0,,0,0,,,,,,,,,,
Georgia,NPQ,107,P5 (from 44-21),2022,9/3/22,9,2022,69.20,2022,,,,,,,,,,,,,,,,,,,,,,,,,2,,0.6666666667,0,,,,,,,,,,
Georgia,NPQ,108,P5 (from 44-21),2022,9/3/22,9,2022,69.20,2022,,,,,,,,,,,,,,,,,,,,,,,,,0,0,0,0,,,,,,,,,,
Georgia,FHA,109,86 P,2022,9/3/22,9,2022,-,2022,,,,,,,,,,,,,,,,,,,,,,,,,3,0,1,0,,,,,,,,,,
Georgia,FHA,110,86 P,2022,9/3/22,9,2022,-,2022,,,,,,,,,,,,,,,,,,,,,,,,,2,,0.6666666667,0,,,,,,,,,,
Georgia,FHA,111,86 P,2022,9/3/22,9,2022,-,2022,,,,,,,,,,,,,,,,,,,,,,,,,1,0,0.3333333333,0,,,,,,,,,,
Georgia,FHA,112,86 P,2022,9/3/22,9,2022,-,2022,,,,,,,,,,,,,,,,,,,,,,,,,2,0,0.6666666667,0,,,,,,,,,,
Georgia,FHA,113,86 P,2022,9/3/22,9,2022,-,2022,,,,,,,,,,,,,,,,,,,,,,,,,2,0,0.6666666667,0,,,,,,,,,,
Georgia,FHA,114,85P,2022,9/3/22,9,2022,-,2022,,,,,,,,,,,,,,,,,,,,,,,,,7,0,2.333333333,0,,,,,,,,,,
Georgia,FHA,115,85P,2022,9/3/22,9,2022,-,2022,,,,,,,,,,,,,,,,,,,,,,,,,6,0,2,0,,,,,,,,,,
Georgia,FHA,116,85P,2022,9/3/22,9,2022,-,2022,,,,,,,,,,,,,,,,,,,,,,,,,1,0,0.3333333333,0,,,,,,,,,,
Georgia,FHA,117,85P,2022,9/3/22,9,2022,-,2022,,,,,,,,,,,,,,,,,,,,,,,,,4,0,1.333333333,0,,,,,,,,,,
Georgia,FHA,118,85P,2022,9/3/22,9,2022,-,2022,,,,,,,,,,,,,,,,,,,,,,,,,1,0,0.3333333333,0,,,,,,,,,,
Georgia,FHA,119,84P,2022,9/3/22,9,2022,-,2022,,,,,,,,,,,,,,,,,,,,,,,,,0,0,0,0,,,,,,,,,,
Georgia,FHA,120,84P,2022,9/3/22,9,2022,-,2022,,,,,,,,,,,,,,,,,,,,,,,,,2,0,0.6666666667,0,,,,,,,,,,
Georgia,FHA,121,84P,2022,9/3/22,9,2022,-,2022,,,,,,,,,,,,,,,,,,,,,,,,,0,0,0,0,,,,,,,,,,
Georgia,FHA,122,84P,2022,9/3/22,9,2022,-,2022,,,,,,,,,,,,,,,,,,,,,,,,,1,0,0.3333333333,0,,,,,,QL; Q cells present 9/3; removed from study,,,,
Georgia,FHA,123,84P,2022,9/3/22,9,2022,-,2022,,,,,,,,,,,,,,,,,,,,,,,,,2,,0.6666666667,0,,,,,,,,,,
Georgia,FHA,124,82P,2022,9/3/22,9,2022,-,2022,,,,,,,,,,,,,,,,,,,,,,,,,0,0,0,0,,,,,,,,,,
Georgia,FHA,125,82P,2022,9/3/22,9,2022,-,2022,,,,,,,,,,,,,,,,,,,,,,,,,2,0,0.6666666667,0,,,,,,,,,,
Georgia,FHA,126,82P,2022,9/3/22,9,2022,-,2022,,,,,,,,,,,,,,,,,,,,,,,,,2,0,0.6666666667,0,,,,,,,,,,
Georgia,FHA,127,82P,2022,9/3/22,9,2022,-,2022,,,,,,,,,,,,,,,,,,,,,,,,,2,0,0.6666666667,0,,,,,,,,,,
Georgia,FHA,128,82P,2022,9/3/22,9,2022,-,2022,,,,,,,,,,,,,,,,,,,,,,,,,1,0,0.3333333333,0,,,,,,,,,,
Georgia,FHA,129,81P,2022,9/3/22,9,2022,-,2022,,,,,,,,,,,,,,,,,,,,,,,,,1,,0.3333333333,0,,,,,,,,,,
Georgia,FHA,130,81P,2022,9/3/22,9,2022,-,2022,,,,,,,,,,,,,,,,,,,,,,,,,2,0,0.6666666667,0,,,,,,,,,,
Georgia,FHA,131,81P,2022,9/3/22,9,2022,-,2022,,,,,,,,,,,,,,,,,,,,,,,,,2,0,0.6666666667,0,,,,,,,,,,
Georgia,FHA,132,81P,2022,9/3/22,9,2022,-,2022,,,,,,,,,,,,,,,,,,,,,,,,,1,0,0.3333333333,0,,,,,,,,,,
Georgia,FHA,133,81P,2022,9/3/22,9,2022,-,2022,,,,,,,,,,,,,,,,,,,,,,,,,2,0,0.6666666667,0,,,,,,,,,,
Rainville,NPQ,134,P1 (from 51-21),2022,9/7/22,9,2022,67.19,2022,,,,,,,,,,,,,,,,,,,,,,,,,3,0,1,0,,,,,,,,,,
Rainville,NPQ,135,P1 (from 51-21),2022,9/7/22,9,2022,67.19,2022,,,,,,,,,,,,,,,,,,,,,,,,,6,,2,0,,,,,,,,,,
Rainville,NPQ,136,P1 (from 51-21),2022,9/7/22,9,2022,67.19,2022,,,,,,,,,,,,,,,,,,,,,,,,,3,,1,0,,,,,,,,,,
Rainville,NPQ,137,P1 (from 51-21),2022,9/7/22,9,2022,67.19,2022,,,,,,,,,,,,,,,,,,,,,,,,,4,0,1.333333333,0,,,,,,,,,,
Rainville,NPQ,138,P1 (from 51-21),2022,9/7/22,9,2022,67.19,2022,,,,,,,,,,,,,,,,,,,,,,,,,2,0,0.6666666667,0,,,,,,,,,,
Rainville,NPQ,139,P2 (from 46-21),2022,9/7/22,9,2022,69.20,2022,,,,,,,,,,,,,,,,,,,,,,,,,5,0,1.666666667,0,,,,,,,,,,
Rainville,NPQ,140,P2 (from 46-21),2022,9/7/22,9,2022,69.20,2022,,,,,,,,,,,,,,,,,,,,,,,,,1,,0.3333333333,0,,,,,,,,,,
Rainville,NPQ,141,P2 (from 46-21),2022,9/7/22,9,2022,69.20,2022,,,,,,,,,,,,,,,,,,,,,,,,,NA,,,,,,,,,QL; removed from study 9/7,,,,
Rainville,NPQ,142,P2 (from 46-21),2022,9/7/22,9,2022,69.20,2022,,,,,,,,,,,,,,,,,,,,,,,,,2,0,0.6666666667,0,,,,,,,,,,
Rainville,NPQ,143,P2 (from 46-21),2022,9/7/22,9,2022,69.20,2022,,,,,,,,,,,,,,,,,,,,,,,,,7,,2.333333333,0,,,,,,,,,,
Rainville,NPQ,144,P3 (from 61-21),2022,9/7/22,9,2022,69.20,2022,,,,,,,,,,,,,,,,,,,,,,,,,13,0,4.333333333,0,,,,,,,,,,
Rainville,NPQ,145,P3 (from 61-21),2022,9/7/22,9,2022,69.20,2022,,,,,,,,,,,,,,,,,,,,,,,,,4,,1.333333333,0,,,,,,,,,,
Rainville,NPQ,146,P3 (from 61-21),2022,9/7/22,9,2022,69.20,2022,,,,,,,,,,,,,,,,,,,,,,,,,3,0,1,0,,,,,,,,,,
Rainville,NPQ,147,P3 (from 61-21),2022,9/7/22,9,2022,69.20,2022,,,,,,,,,,,,,,,,,,,,,,,,,6,0,2,0,,,,,,,,,,
Rainville,NPQ,148,P3 (from 61-21),2022,9/7/22,9,2022,69.20,2022,,,,,,,,,,,,,,,,,,,,,,,,,5,0,1.666666667,0,,,,,,,,,,
Rainville,NPQ,149,P4 (from 63-21),2022,9/7/22,9,2022,76.20,2022,,,,,,,,,,,,,,,,,,,,,,,,,3,1,1,50000,,,,,,,,,,
Rainville,NPQ,150,P4 (from 63-21),2022,9/7/22,9,2022,76.20,2022,,,,,,,,,,,,,,,,,,,,,,,,,3,0,1,0,,,,,,,,,,
Rainville,NPQ,151,P4 (from 63-21),2022,9/7/22,9,2022,76.20,2022,,,,,,,,,,,,,,,,,,,,,,,,,3,0,1,0,,,,,,,,,,
Rainville,NPQ,152,P4 (from 63-21),2022,9/7/22,9,2022,76.20,2022,,,,,,,,,,,,,,,,,,,,,,,,,NA,,,,,,,,,,,,,
Rainville,NPQ,153,P4 (from 63-21),2022,9/7/22,9,2022,76.20,2022,,,,,,,,,,,,,,,,,,,,,,,,,0,,0,0,,,,,,,,,,
Rainville,NPQ,154,P5 (from 44-21),2022,9/7/22,9,2022,69.20,2022,,,,,,,,,,,,,,,,,,,,,,,,,3,,1,0,,,,,,,,,,
Rainville,NPQ,155,P5 (from 44-21),2022,9/7/22,9,2022,69.20,2022,,,,,,,,,,,,,,,,,,,,,,,,,0,,0,0,,,,,,,,,,
Rainville,NPQ,156,P5 (from 44-21),2022,9/7/22,9,2022,69.20,2022,,,,,,,,,,,,,,,,,,,,,,,,,NA,,,,,,,,,,,,,
Rainville,NPQ,157,P5 (from 44-21),2022,9/7/22,9,2022,69.20,2022,,,,,,,,,,,,,,,,,,,,,,,,,0,,0,0,,,,,,,,,,
Rainville,NPQ,158,P5 (from 44-21),2022,9/7/22,9,2022,69.20,2022,,,,,,,,,,,,,,,,,,,,,,,,,2,0,0.6666666667,0,,,,,,,,,,
Rainville,FHA,159,86 P,2022,9/7/22,9,2022,-,2022,,,,,,,,,,,,,,,,,,,,,,,,,2,0,0.6666666667,0,,,,,,,,,,
Rainville,FHA,160,86 P,2022,9/7/22,9,2022,-,2022,,,,,,,,,,,,,,,,,,,,,,,,,1,0,0.3333333333,0,,,,,,,,,,
Rainville,FHA,161,86 P,2022,9/7/22,9,2022,-,2022,,,,,,,,,,,,,,,,,,,,,,,,,6,,2,0,,,,,,,,,,
Rainville,FHA,162,86 P,2022,9/7/22,9,2022,-,2022,,,,,,,,,,,,,,,,,,,,,,,,,3,0,1,0,,,,,,,,,,
Rainville,FHA,163,86 P,2022,9/7/22,9,2022,-,2022,,,,,,,,,,,,,,,,,,,,,,,,,4,0,1.333333333,0,,,,,,,,,,
Rainville,FHA,164,85P,2022,9/7/22,9,2022,-,2022,,,,,,,,,,,,,,,,,,,,,,,,,4,8,1.333333333,400000,,,,,,,,,,
Rainville,FHA,165,85P,2022,9/7/22,9,2022,-,2022,,,,,,,,,,,,,,,,,,,,,,,,,0,0,0,0,,,,,,,,,,
Rainville,FHA,166,85P,2022,9/7/22,9,2022,-,2022,,,,,,,,,,,,,,,,,,,,,,,,,4,0,1.333333333,0,,,,,,,,,,
Rainville,FHA,167,85P,2022,9/7/22,9,2022,-,2022,,,,,,,,,,,,,,,,,,,,,,,,,1,,0.3333333333,0,,,,,,,,,,
Rainville,FHA,168,85P,2022,9/7/22,9,2022,-,2022,,,,,,,,,,,,,,,,,,,,,,,,,4,,1.333333333,0,,,,,,,,,,
Rainville,FHA,169,84P,2022,9/7/22,9,2022,-,2022,,,,,,,,,,,,,,,,,,,,,,,,,2,0,0.6666666667,0,,,,,,,,,,
Rainville,FHA,170,84P,2022,9/7/22,9,2022,-,2022,,,,,,,,,,,,,,,,,,,,,,,,,0,,0,0,,,,,,,,,,
Rainville,FHA,171,84P,2022,9/7/22,9,2022,-,2022,,,,,,,,,,,,,,,,,,,,,,,,,0,,0,0,,,,,,,,,,
Rainville,FHA,172,84P,2022,9/7/22,9,2022,-,2022,,,,,,,,,,,,,,,,,,,,,,,,,2,0,0.6666666667,0,,,,,,,,,,
Rainville,FHA,173,84P,2022,9/7/22,9,2022,-,2022,,,,,,,,,,,,,,,,,,,,,,,,,5,,1.666666667,0,,,,,,,,,,
Rainville,FHA,174,82P,2022,9/7/22,9,2022,-,2022,,,,,,,,,,,,,,,,,,,,,,,,,3,0,1,0,,,,,,,,,,
Rainville,FHA,175,82P,2022,9/7/22,9,2022,-,2022,,,,,,,,,,,,,,,,,,,,,,,,,NA,,,,,,,,,QL; removed from study 9/7,,,,
Rainville,FHA,176,82P,2022,9/7/22,9,2022,-,2022,,,,,,,,,,,,,,,,,,,,,,,,,3,0,1,0,,,,,,,,,,
Rainville,FHA,177,82P,2022,9/7/22,9,2022,-,2022,,,,,,,,,,,,,,,,,,,,,,,,,1,0,0.3333333333,0,,,,,,,,,,
Rainville,FHA,178,82P,2022,9/7/22,9,2022,-,2022,,,,,,,,,,,,,,,,,,,,,,,,,3,,1,0,,,,,,,,,,
Rainville,FHA,179,81P,2022,9/7/22,9,2022,-,2022,,,,,,,,,,,,,,,,,,,,,,,,,2,0,0.6666666667,0,,,,,,,,,,
Rainville,FHA,180,81P,2022,9/7/22,9,2022,-,2022,,,,,,,,,,,,,,,,,,,,,,,,,1,0,0.3333333333,0,,,,,,,,,,
Rainville,FHA,181,81P,2022,9/7/22,9,2022,-,2022,,,,,,,,,,,,,,,,,,,,,,,,,1,,0.3333333333,0,,,,,,,,,,
Rainville,FHA,182,81P,2022,9/7/22,9,2022,-,2022,,,,,,,,,,,,,,,,,,,,,,,,,NA,,,,,,,,,,,,,
Rainville,FHA,183,81P,2022,9/7/22,9,2022,-,2022,,,,,,,,,,,,,,,,,,,,,,,,,2,0,0.6666666667,0,,,,,,,,,,
,,,,,,,,,,,,,,,,,,,,,,,,,,,,,,,,,,,,,,,,,,,,,,,
,,,,,,,,,,,,,,,,,,,,,,,,,,,,,,,,,,,,,,,,,,,,,,,
,,,,,,,,,,,,,,,,,,,,,,,,,,,,,,,,,,,,,,,,,,,,,,,
,,,,,,,,,,,,,,,,,,,,,,,,,,,,,,,,,,,,,,,,,,,,,,,
,,,,,,,,,,,,,,,,,,,,,,,,,,,,,,,,,,,,,,,,,,,,,,,
,,,,,,,,,,,,,,,,,,,,,,,,,,,,,,,,,,,,,,,,,,,,,,,
,,,,,,,,,,,,,,,,,,,,,,,,,,,,,,,,,,,,,,,,,,,,,,,
,,,,,,,,,,,,,,,,,,,,,,,,,,,,,,,,,,,,,,,,,,,,,,,
,,,,,,,,,,,,,,,,,,,,,,,,,,,,,,,,,,,,,,,,,,,,,,,
,,,,,,,,,,,,,,,,,,,,,,,,,,,,,,,,,,,,,,,,,,,,,,,
,,,,,,,,,,,,,,,,,,,,,,,,,,,,,,,,,,,,,,,,,,,,,,,
,,,,,,,,,,,,,,,,,,,,,,,,,,,,,,,,,,,,,,,,,,,,,,,
,,,,,,,,,,,,,,,,,,,,,,,,,,,,,,,,,,,,,,,,,,,,,,,
,,,,,,,,,,,,,,,,,,,,,,,,,,,,,,,,,,,,,,,,,,,,,,,
,,,,,,,,,,,,,,,,,,,,,,,,,,,,,,,,,,,,,,,,,,,,,,,
,,,,,,,,,,,,,,,,,,,,,,,,,,,,,,,,,,,,,,,,,,,,,,,
,,,,,,,,,,,,,,,,,,,,,,,,,,,,,,,,,,,,,,,,,,,,,,,
,,,,,,,,,,,,,,,,,,,,,,,,,,,,,,,,,,,,,,,,,,,,,,,
,,,,,,,,,,,,,,,,,,,,,,,,,,,,,,,,,,,,,,,,,,,,,,,
,,,,,,,,,,,,,,,,,,,,,,,,,,,,,,,,,,,,,,,,,,,,,,,
,,,,,,,,,,,,,,,,,,,,,,,,,,,,,,,,,,,,,,,,,,,,,,,
,,,,,,,,,,,,,,,,,,,,,,,,,,,,,,,,,,,,,,,,,,,,,,,
,,,,,,,,,,,,,,,,,,,,,,,,,,,,,,,,,,,,,,,,,,,,,,,
,,,,,,,,,,,,,,,,,,,,,,,,,,,,,,,,,,,,,,,,,,,,,,,
,,,,,,,,,,,,,,,,,,,,,,,,,,,,,,,,,,,,,,,,,,,,,,,
,,,,,,,,,,,,,,,,,,,,,,,,,,,,,,,,,,,,,,,,,,,,,,,
,,,,,,,,,,,,,,,,,,,,,,,,,,,,,,,,,,,,,,,,,,,,,,,
,,,,,,,,,,,,,,,,,,,,,,,,,,,,,,,,,,,,,,,,,,,,,,,
,,,,,,,,,,,,,,,,,,,,,,,,,,,,,,,,,,,,,,,,,,,,,,,
,,,,,,,,,,,,,,,,,,,,,,,,,,,,,,,,,,,,,,,,,,,,,,,
,,,,,,,,,,,,,,,,,,,,,,,,,,,,,,,,,,,,,,,,,,,,,,,
,,,,,,,,,,,,,,,,,,,,,,,,,,,,,,,,,,,,,,,,,,,,,,,
,,,,,,,,,,,,,,,,,,,,,,,,,,,,,,,,,,,,,,,,,,,,,,,
,,,,,,,,,,,,,,,,,,,,,,,,,,,,,,,,,,,,,,,,,,,,,,,
,,,,,,,,,,,,,,,,,,,,,,,,,,,,,,,,,,,,,,,,,,,,,,,
,,,,,,,,,,,,,,,,,,,,,,,,,,,,,,,,,,,,,,,,,,,,,,,
,,,,,,,,,,,,,,,,,,,,,,,,,,,,,,,,,,,,,,,,,,,,,,,
,,,,,,,,,,,,,,,,,,,,,,,,,,,,,,,,,,,,,,,,,,,,,,,
,,,,,,,,,,,,,,,,,,,,,,,,,,,,,,,,,,,,,,,,,,,,,,,
,,,,,,,,,,,,,,,,,,,,,,,,,,,,,,,,,,,,,,,,,,,,,,,
,,,,,,,,,,,,,,,,,,,,,,,,,,,,,,,,,,,,,,,,,,,,,,,
,,,,,,,,,,,,,,,,,,,,,,,,,,,,,,,,,,,,,,,,,,,,,,,
,,,,,,,,,,,,,,,,,,,,,,,,,,,,,,,,,,,,,,,,,,,,,,,
,,,,,,,,,,,,,,,,,,,,,,,,,,,,,,,,,,,,,,,,,,,,,,,
,,,,,,,,,,,,,,,,,,,,,,,,,,,,,,,,,,,,,,,,,,,,,,,
,,,,,,,,,,,,,,,,,,,,,,,,,,,,,,,,,,,,,,,,,,,,,,,
,,,,,,,,,,,,,,,,,,,,,,,,,,,,,,,,,,,,,,,,,,,,,,,
,,,,,,,,,,,,,,,,,,,,,,,,,,,,,,,,,,,,,,,,,,,,,,,
,,,,,,,,,,,,,,,,,,,,,,,,,,,,,,,,,,,,,,,,,,,,,,,
,,,,,,,,,,,,,,,,,,,,,,,,,,,,,,,,,,,,,,,,,,,,,,,
,,,,,,,,,,,,,,,,,,,,,,,,,,,,,,,,,,,,,,,,,,,,,,,
,,,,,,,,,,,,,,,,,,,,,,,,,,,,,,,,,,,,,,,,,,,,,,,
,,,,,,,,,,,,,,,,,,,,,,,,,,,,,,,,,,,,,,,,,,,,,,,
,,,,,,,,,,,,,,,,,,,,,,,,,,,,,,,,,,,,,,,,,,,,,,,
,,,,,,,,,,,,,,,,,,,,,,,,,,,,,,,,,,,,,,,,,,,,,,,
,,,,,,,,,,,,,,,,,,,,,,,,,,,,,,,,,,,,,,,,,,,,,,,
,,,,,,,,,,,,,,,,,,,,,,,,,,,,,,,,,,,,,,,,,,,,,,,
,,,,,,,,,,,,,,,,,,,,,,,,,,,,,,,,,,,,,,,,,,,,,,,
,,,,,,,,,,,,,,,,,,,,,,,,,,,,,,,,,,,,,,,,,,,,,,,
,,,,,,,,,,,,,,,,,,,,,,,,,,,,,,,,,,,,,,,,,,,,,,,
,,,,,,,,,,,,,,,,,,,,,,,,,,,,,,,,,,,,,,,,,,,,,,,
,,,,,,,,,,,,,,,,,,,,,,,,,,,,,,,,,,,,,,,,,,,,,,,
,,,,,,,,,,,,,,,,,,,,,,,,,,,,,,,,,,,,,,,,,,,,,,,
,,,,,,,,,,,,,,,,,,,,,,,,,,,,,,,,,,,,,,,,,,,,,,,
,,,,,,,,,,,,,,,,,,,,,,,,,,,,,,,,,,,,,,,,,,,,,,,
,,,,,,,,,,,,,,,,,,,,,,,,,,,,,,,,,,,,,,,,,,,,,,,
,,,,,,,,,,,,,,,,,,,,,,,,,,,,,,,,,,,,,,,,,,,,,,,
,,,,,,,,,,,,,,,,,,,,,,,,,,,,,,,,,,,,,,,,,,,,,,,
,,,,,,,,,,,,,,,,,,,,,,,,,,,,,,,,,,,,,,,,,,,,,,,
,,,,,,,,,,,,,,,,,,,,,,,,,,,,,,,,,,,,,,,,,,,,,,,
,,,,,,,,,,,,,,,,,,,,,,,,,,,,,,,,,,,,,,,,,,,,,,,
,,,,,,,,,,,,,,,,,,,,,,,,,,,,,,,,,,,,,,,,,,,,,,,
,,,,,,,,,,,,,,,,,,,,,,,,,,,,,,,,,,,,,,,,,,,,,,,
,,,,,,,,,,,,,,,,,,,,,,,,,,,,,,,,,,,,,,,,,,,,,,,
,,,,,,,,,,,,,,,,,,,,,,,,,,,,,,,,,,,,,,,,,,,,,,,
,,,,,,,,,,,,,,,,,,,,,,,,,,,,,,,,,,,,,,,,,,,,,,,
,,,,,,,,,,,,,,,,,,,,,,,,,,,,,,,,,,,,,,,,,,,,,,,
,,,,,,,,,,,,,,,,,,,,,,,,,,,,,,,,,,,,,,,,,,,,,,,
,,,,,,,,,,,,,,,,,,,,,,,,,,,,,,,,,,,,,,,,,,,,,,,
,,,,,,,,,,,,,,,,,,,,,,,,,,,,,,,,,,,,,,,,,,,,,,,
,,,,,,,,,,,,,,,,,,,,,,,,,,,,,,,,,,,,,,,,,,,,,,,
,,,,,,,,,,,,,,,,,,,,,,,,,,,,,,,,,,,,,,,,,,,,,,,
,,,,,,,,,,,,,,,,,,,,,,,,,,,,,,,,,,,,,,,,,,,,,,,
,,,,,,,,,,,,,,,,,,,,,,,,,,,,,,,,,,,,,,,,,,,,,,,
,,,,,,,,,,,,,,,,,,,,,,,,,,,,,,,,,,,,,,,,,,,,,,,
,,,,,,,,,,,,,,,,,,,,,,,,,,,,,,,,,,,,,,,,,,,,,,,
,,,,,,,,,,,,,,,,,,,,,,,,,,,,,,,,,,,,,,,,,,,,,,,
,,,,,,,,,,,,,,,,,,,,,,,,,,,,,,,,,,,,,,,,,,,,,,,
,,,,,,,,,,,,,,,,,,,,,,,,,,,,,,,,,,,,,,,,,,,,,,,
,,,,,,,,,,,,,,,,,,,,,,,,,,,,,,,,,,,,,,,,,,,,,,,
,,,,,,,,,,,,,,,,,,,,,,,,,,,,,,,,,,,,,,,,,,,,,,,
,,,,,,,,,,,,,,,,,,,,,,,,,,,,,,,,,,,,,,,,,,,,,,,
,,,,,,,,,,,,,,,,,,,,,,,,,,,,,,,,,,,,,,,,,,,,,,,
,,,,,,,,,,,,,,,,,,,,,,,,,,,,,,,,,,,,,,,,,,,,,,,
,,,,,,,,,,,,,,,,,,,,,,,,,,,,,,,,,,,,,,,,,,,,,,,
,,,,,,,,,,,,,,,,,,,,,,,,,,,,,,,,,,,,,,,,,,,,,,,
,,,,,,,,,,,,,,,,,,,,,,,,,,,,,,,,,,,,,,,,,,,,,,,
,,,,,,,,,,,,,,,,,,,,,,,,,,,,,,,,,,,,,,,,,,,,,,,
,,,,,,,,,,,,,,,,,,,,,,,,,,,,,,,,,,,,,,,,,,,,,,,
,,,,,,,,,,,,,,,,,,,,,,,,,,,,,,,,,,,,,,,,,,,,,,,
,,,,,,,,,,,,,,,,,,,,,,,,,,,,,,,,,,,,,,,,,,,,,,,
,,,,,,,,,,,,,,,,,,,,,,,,,,,,,,,,,,,,,,,,,,,,,,,
,,,,,,,,,,,,,,,,,,,,,,,,,,,,,,,,,,,,,,,,,,,,,,,
,,,,,,,,,,,,,,,,,,,,,,,,,,,,,,,,,,,,,,,,,,,,,,,
,,,,,,,,,,,,,,,,,,,,,,,,,,,,,,,,,,,,,,,,,,,,,,,
,,,,,,,,,,,,,,,,,,,,,,,,,,,,,,,,,,,,,,,,,,,,,,,
,,,,,,,,,,,,,,,,,,,,,,,,,,,,,,,,,,,,,,,,,,,,,,,
,,,,,,,,,,,,,,,,,,,,,,,,,,,,,,,,,,,,,,,,,,,,,,,
,,,,,,,,,,,,,,,,,,,,,,,,,,,,,,,,,,,,,,,,,,,,,,,
,,,,,,,,,,,,,,,,,,,,,,,,,,,,,,,,,,,,,,,,,,,,,,,
,,,,,,,,,,,,,,,,,,,,,,,,,,,,,,,,,,,,,,,,,,,,,,,
,,,,,,,,,,,,,,,,,,,,,,,,,,,,,,,,,,,,,,,,,,,,,,,
,,,,,,,,,,,,,,,,,,,,,,,,,,,,,,,,,,,,,,,,,,,,,,,
,,,,,,,,,,,,,,,,,,,,,,,,,,,,,,,,,,,,,,,,,,,,,,,
,,,,,,,,,,,,,,,,,,,,,,,,,,,,,,,,,,,,,,,,,,,,,,,
,,,,,,,,,,,,,,,,,,,,,,,,,,,,,,,,,,,,,,,,,,,,,,,
,,,,,,,,,,,,,,,,,,,,,,,,,,,,,,,,,,,,,,,,,,,,,,,
,,,,,,,,,,,,,,,,,,,,,,,,,,,,,,,,,,,,,,,,,,,,,,,
,,,,,,,,,,,,,,,,,,,,,,,,,,,,,,,,,,,,,,,,,,,,,,,
,,,,,,,,,,,,,,,,,,,,,,,,,,,,,,,,,,,,,,,,,,,,,,,
,,,,,,,,,,,,,,,,,,,,,,,,,,,,,,,,,,,,,,,,,,,,,,,
,,,,,,,,,,,,,,,,,,,,,,,,,,,,,,,,,,,,,,,,,,,,,,,
,,,,,,,,,,,,,,,,,,,,,,,,,,,,,,,,,,,,,,,,,,,,,,,
,,,,,,,,,,,,,,,,,,,,,,,,,,,,,,,,,,,,,,,,,,,,,,,
,,,,,,,,,,,,,,,,,,,,,,,,,,,,,,,,,,,,,,,,,,,,,,,
,,,,,,,,,,,,,,,,,,,,,,,,,,,,,,,,,,,,,,,,,,,,,,,
,,,,,,,,,,,,,,,,,,,,,,,,,,,,,,,,,,,,,,,,,,,,,,,
,,,,,,,,,,,,,,,,,,,,,,,,,,,,,,,,,,,,,,,,,,,,,,,
,,,,,,,,,,,,,,,,,,,,,,,,,,,,,,,,,,,,,,,,,,,,,,,
,,,,,,,,,,,,,,,,,,,,,,,,,,,,,,,,,,,,,,,,,,,,,,,
,,,,,,,,,,,,,,,,,,,,,,,,,,,,,,,,,,,,,,,,,,,,,,,
,,,,,,,,,,,,,,,,,,,,,,,,,,,,,,,,,,,,,,,,,,,,,,,
,,,,,,,,,,,,,,,,,,,,,,,,,,,,,,,,,,,,,,,,,,,,,,,
,,,,,,,,,,,,,,,,,,,,,,,,,,,,,,,,,,,,,,,,,,,,,,,
,,,,,,,,,,,,,,,,,,,,,,,,,,,,,,,,,,,,,,,,,,,,,,,
,,,,,,,,,,,,,,,,,,,,,,,,,,,,,,,,,,,,,,,,,,,,,,,
,,,,,,,,,,,,,,,,,,,,,,,,,,,,,,,,,,,,,,,,,,,,,,,
,,,,,,,,,,,,,,,,,,,,,,,,,,,,,,,,,,,,,,,,,,,,,,,
,,,,,,,,,,,,,,,,,,,,,,,,,,,,,,,,,,,,,,,,,,,,,,,
,,,,,,,,,,,,,,,,,,,,,,,,,,,,,,,,,,,,,,,,,,,,,,,
,,,,,,,,,,,,,,,,,,,,,,,,,,,,,,,,,,,,,,,,,,,,,,,
,,,,,,,,,,,,,,,,,,,,,,,,,,,,,,,,,,,,,,,,,,,,,,,
,,,,,,,,,,,,,,,,,,,,,,,,,,,,,,,,,,,,,,,,,,,,,,,
,,,,,,,,,,,,,,,,,,,,,,,,,,,,,,,,,,,,,,,,,,,,,,,
,,,,,,,,,,,,,,,,,,,,,,,,,,,,,,,,,,,,,,,,,,,,,,,
,,,,,,,,,,,,,,,,,,,,,,,,,,,,,,,,,,,,,,,,,,,,,,,
,,,,,,,,,,,,,,,,,,,,,,,,,,,,,,,,,,,,,,,,,,,,,,,
,,,,,,,,,,,,,,,,,,,,,,,,,,,,,,,,,,,,,,,,,,,,,,,
,,,,,,,,,,,,,,,,,,,,,,,,,,,,,,,,,,,,,,,,,,,,,,,
,,,,,,,,,,,,,,,,,,,,,,,,,,,,,,,,,,,,,,,,,,,,,,,
,,,,,,,,,,,,,,,,,,,,,,,,,,,,,,,,,,,,,,,,,,,,,,,
,,,,,,,,,,,,,,,,,,,,,,,,,,,,,,,,,,,,,,,,,,,,,,,
,,,,,,,,,,,,,,,,,,,,,,,,,,,,,,,,,,,,,,,,,,,,,,,
,,,,,,,,,,,,,,,,,,,,,,,,,,,,,,,,,,,,,,,,,,,,,,,
,,,,,,,,,,,,,,,,,,,,,,,,,,,,,,,,,,,,,,,,,,,,,,,
,,,,,,,,,,,,,,,,,,,,,,,,,,,,,,,,,,,,,,,,,,,,,,,
,,,,,,,,,,,,,,,,,,,,,,,,,,,,,,,,,,,,,,,,,,,,,,,
,,,,,,,,,,,,,,,,,,,,,,,,,,,,,,,,,,,,,,,,,,,,,,,
,,,,,,,,,,,,,,,,,,,,,,,,,,,,,,,,,,,,,,,,,,,,,,,
,,,,,,,,,,,,,,,,,,,,,,,,,,,,,,,,,,,,,,,,,,,,,,,
,,,,,,,,,,,,,,,,,,,,,,,,,,,,,,,,,,,,,,,,,,,,,,,
,,,,,,,,,,,,,,,,,,,,,,,,,,,,,,,,,,,,,,,,,,,,,,,
,,,,,,,,,,,,,,,,,,,,,,,,,,,,,,,,,,,,,,,,,,,,,,,
,,,,,,,,,,,,,,,,,,,,,,,,,,,,,,,,,,,,,,,,,,,,,,,
,,,,,,,,,,,,,,,,,,,,,,,,,,,,,,,,,,,,,,,,,,,,,,,
,,,,,,,,,,,,,,,,,,,,,,,,,,,,,,,,,,,,,,,,,,,,,,,
,,,,,,,,,,,,,,,,,,,,,,,,,,,,,,,,,,,,,,,,,,,,,,,
,,,,,,,,,,,,,,,,,,,,,,,,,,,,,,,,,,,,,,,,,,,,,,,
,,,,,,,,,,,,,,,,,,,,,,,,,,,,,,,,,,,,,,,,,,,,,,,
,,,,,,,,,,,,,,,,,,,,,,,,,,,,,,,,,,,,,,,,,,,,,,,
,,,,,,,,,,,,,,,,,,,,,,,,,,,,,,,,,,,,,,,,,,,,,,,
,,,,,,,,,,,,,,,,,,,,,,,,,,,,,,,,,,,,,,,,,,,,,,,
,,,,,,,,,,,,,,,,,,,,,,,,,,,,,,,,,,,,,,,,,,,,,,,
,,,,,,,,,,,,,,,,,,,,,,,,,,,,,,,,,,,,,,,,,,,,,,,
,,,,,,,,,,,,,,,,,,,,,,,,,,,,,,,,,,,,,,,,,,,,,,,
,,,,,,,,,,,,,,,,,,,,,,,,,,,,,,,,,,,,,,,,,,,,,,,
,,,,,,,,,,,,,,,,,,,,,,,,,,,,,,,,,,,,,,,,,,,,,,,
,,,,,,,,,,,,,,,,,,,,,,,,,,,,,,,,,,,,,,,,,,,,,,,
,,,,,,,,,,,,,,,,,,,,,,,,,,,,,,,,,,,,,,,,,,,,,,,
,,,,,,,,,,,,,,,,,,,,,,,,,,,,,,,,,,,,,,,,,,,,,,,
,,,,,,,,,,,,,,,,,,,,,,,,,,,,,,,,,,,,,,,,,,,,,,,
,,,,,,,,,,,,,,,,,,,,,,,,,,,,,,,,,,,,,,,,,,,,,,,
,,,,,,,,,,,,,,,,,,,,,,,,,,,,,,,,,,,,,,,,,,,,,,,
,,,,,,,,,,,,,,,,,,,,,,,,,,,,,,,,,,,,,,,,,,,,,,,
,,,,,,,,,,,,,,,,,,,,,,,,,,,,,,,,,,,,,,,,,,,,,,,
,,,,,,,,,,,,,,,,,,,,,,,,,,,,,,,,,,,,,,,,,,,,,,,
,,,,,,,,,,,,,,,,,,,,,,,,,,,,,,,,,,,,,,,,,,,,,,,
,,,,,,,,,,,,,,,,,,,,,,,,,,,,,,,,,,,,,,,,,,,,,,,
,,,,,,,,,,,,,,,,,,,,,,,,,,,,,,,,,,,,,,,,,,,,,,,
,,,,,,,,,,,,,,,,,,,,,,,,,,,,,,,,,,,,,,,,,,,,,,,
,,,,,,,,,,,,,,,,,,,,,,,,,,,,,,,,,,,,,,,,,,,,,,,
,,,,,,,,,,,,,,,,,,,,,,,,,,,,,,,,,,,,,,,,,,,,,,,
,,,,,,,,,,,,,,,,,,,,,,,,,,,,,,,,,,,,,,,,,,,,,,,
,,,,,,,,,,,,,,,,,,,,,,,,,,,,,,,,,,,,,,,,,,,,,,,
,,,,,,,,,,,,,,,,,,,,,,,,,,,,,,,,,,,,,,,,,,,,,,,
,,,,,,,,,,,,,,,,,,,,,,,,,,,,,,,,,,,,,,,,,,,,,,,
,,,,,,,,,,,,,,,,,,,,,,,,,,,,,,,,,,,,,,,,,,,,,,,
,,,,,,,,,,,,,,,,,,,,,,,,,,,,,,,,,,,,,,,,,,,,,,,
,,,,,,,,,,,,,,,,,,,,,,,,,,,,,,,,,,,,,,,,,,,,,,,
,,,,,,,,,,,,,,,,,,,,,,,,,,,,,,,,,,,,,,,,,,,,,,,
,,,,,,,,,,,,,,,,,,,,,,,,,,,,,,,,,,,,,,,,,,,,,,,
,,,,,,,,,,,,,,,,,,,,,,,,,,,,,,,,,,,,,,,,,,,,,,,
,,,,,,,,,,,,,,,,,,,,,,,,,,,,,,,,,,,,,,,,,,,,,,,
,,,,,,,,,,,,,,,,,,,,,,,,,,,,,,,,,,,,,,,,,,,,,,,
,,,,,,,,,,,,,,,,,,,,,,,,,,,,,,,,,,,,,,,,,,,,,,,
,,,,,,,,,,,,,,,,,,,,,,,,,,,,,,,,,,,,,,,,,,,,,,,
,,,,,,,,,,,,,,,,,,,,,,,,,,,,,,,,,,,,,,,,,,,,,,,
,,,,,,,,,,,,,,,,,,,,,,,,,,,,,,,,,,,,,,,,,,,,,,,
,,,,,,,,,,,,,,,,,,,,,,,,,,,,,,,,,,,,,,,,,,,,,,,
,,,,,,,,,,,,,,,,,,,,,,,,,,,,,,,,,,,,,,,,,,,,,,,
,,,,,,,,,,,,,,,,,,,,,,,,,,,,,,,,,,,,,,,,,,,,,,,
,,,,,,,,,,,,,,,,,,,,,,,,,,,,,,,,,,,,,,,,,,,,,,,
,,,,,,,,,,,,,,,,,,,,,,,,,,,,,,,,,,,,,,,,,,,,,,,
,,,,,,,,,,,,,,,,,,,,,,,,,,,,,,,,,,,,,,,,,,,,,,,
,,,,,,,,,,,,,,,,,,,,,,,,,,,,,,,,,,,,,,,,,,,,,,,
,,,,,,,,,,,,,,,,,,,,,,,,,,,,,,,,,,,,,,,,,,,,,,,
,,,,,,,,,,,,,,,,,,,,,,,,,,,,,,,,,,,,,,,,,,,,,,,
,,,,,,,,,,,,,,,,,,,,,,,,,,,,,,,,,,,,,,,,,,,,,,,
,,,,,,,,,,,,,,,,,,,,,,,,,,,,,,,,,,,,,,,,,,,,,,,
,,,,,,,,,,,,,,,,,,,,,,,,,,,,,,,,,,,,,,,,,,,,,,,
,,,,,,,,,,,,,,,,,,,,,,,,,,,,,,,,,,,,,,,,,,,,,,,
,,,,,,,,,,,,,,,,,,,,,,,,,,,,,,,,,,,,,,,,,,,,,,,
,,,,,,,,,,,,,,,,,,,,,,,,,,,,,,,,,,,,,,,,,,,,,,,
,,,,,,,,,,,,,,,,,,,,,,,,,,,,,,,,,,,,,,,,,,,,,,,
,,,,,,,,,,,,,,,,,,,,,,,,,,,,,,,,,,,,,,,,,,,,,,,
,,,,,,,,,,,,,,,,,,,,,,,,,,,,,,,,,,,,,,,,,,,,,,,
,,,,,,,,,,,,,,,,,,,,,,,,,,,,,,,,,,,,,,,,,,,,,,,
,,,,,,,,,,,,,,,,,,,,,,,,,,,,,,,,,,,,,,,,,,,,,,,
,,,,,,,,,,,,,,,,,,,,,,,,,,,,,,,,,,,,,,,,,,,,,,,
,,,,,,,,,,,,,,,,,,,,,,,,,,,,,,,,,,,,,,,,,,,,,,,
,,,,,,,,,,,,,,,,,,,,,,,,,,,,,,,,,,,,,,,,,,,,,,,
,,,,,,,,,,,,,,,,,,,,,,,,,,,,,,,,,,,,,,,,,,,,,,,
,,,,,,,,,,,,,,,,,,,,,,,,,,,,,,,,,,,,,,,,,,,,,,,
,,,,,,,,,,,,,,,,,,,,,,,,,,,,,,,,,,,,,,,,,,,,,,,
,,,,,,,,,,,,,,,,,,,,,,,,,,,,,,,,,,,,,,,,,,,,,,,
,,,,,,,,,,,,,,,,,,,,,,,,,,,,,,,,,,,,,,,,,,,,,,,
,,,,,,,,,,,,,,,,,,,,,,,,,,,,,,,,,,,,,,,,,,,,,,,
,,,,,,,,,,,,,,,,,,,,,,,,,,,,,,,,,,,,,,,,,,,,,,,
,,,,,,,,,,,,,,,,,,,,,,,,,,,,,,,,,,,,,,,,,,,,,,,
,,,,,,,,,,,,,,,,,,,,,,,,,,,,,,,,,,,,,,,,,,,,,,,
,,,,,,,,,,,,,,,,,,,,,,,,,,,,,,,,,,,,,,,,,,,,,,,
,,,,,,,,,,,,,,,,,,,,,,,,,,,,,,,,,,,,,,,,,,,,,,,
,,,,,,,,,,,,,,,,,,,,,,,,,,,,,,,,,,,,,,,,,,,,,,,
,,,,,,,,,,,,,,,,,,,,,,,,,,,,,,,,,,,,,,,,,,,,,,,
,,,,,,,,,,,,,,,,,,,,,,,,,,,,,,,,,,,,,,,,,,,,,,,
,,,,,,,,,,,,,,,,,,,,,,,,,,,,,,,,,,,,,,,,,,,,,,,
,,,,,,,,,,,,,,,,,,,,,,,,,,,,,,,,,,,,,,,,,,,,,,,
,,,,,,,,,,,,,,,,,,,,,,,,,,,,,,,,,,,,,,,,,,,,,,,
,,,,,,,,,,,,,,,,,,,,,,,,,,,,,,,,,,,,,,,,,,,,,,,
,,,,,,,,,,,,,,,,,,,,,,,,,,,,,,,,,,,,,,,,,,,,,,,
,,,,,,,,,,,,,,,,,,,,,,,,,,,,,,,,,,,,,,,,,,,,,,,
,,,,,,,,,,,,,,,,,,,,,,,,,,,,,,,,,,,,,,,,,,,,,,,
,,,,,,,,,,,,,,,,,,,,,,,,,,,,,,,,,,,,,,,,,,,,,,,
,,,,,,,,,,,,,,,,,,,,,,,,,,,,,,,,,,,,,,,,,,,,,,,
,,,,,,,,,,,,,,,,,,,,,,,,,,,,,,,,,,,,,,,,,,,,,,,
,,,,,,,,,,,,,,,,,,,,,,,,,,,,,,,,,,,,,,,,,,,,,,,
,,,,,,,,,,,,,,,,,,,,,,,,,,,,,,,,,,,,,,,,,,,,,,,
,,,,,,,,,,,,,,,,,,,,,,,,,,,,,,,,,,,,,,,,,,,,,,,
,,,,,,,,,,,,,,,,,,,,,,,,,,,,,,,,,,,,,,,,,,,,,,,
,,,,,,,,,,,,,,,,,,,,,,,,,,,,,,,,,,,,,,,,,,,,,,,
,,,,,,,,,,,,,,,,,,,,,,,,,,,,,,,,,,,,,,,,,,,,,,,
,,,,,,,,,,,,,,,,,,,,,,,,,,,,,,,,,,,,,,,,,,,,,,,
,,,,,,,,,,,,,,,,,,,,,,,,,,,,,,,,,,,,,,,,,,,,,,,
,,,,,,,,,,,,,,,,,,,,,,,,,,,,,,,,,,,,,,,,,,,,,,,
,,,,,,,,,,,,,,,,,,,,,,,,,,,,,,,,,,,,,,,,,,,,,,,
,,,,,,,,,,,,,,,,,,,,,,,,,,,,,,,,,,,,,,,,,,,,,,,
,,,,,,,,,,,,,,,,,,,,,,,,,,,,,,,,,,,,,,,,,,,,,,,
,,,,,,,,,,,,,,,,,,,,,,,,,,,,,,,,,,,,,,,,,,,,,,,
,,,,,,,,,,,,,,,,,,,,,,,,,,,,,,,,,,,,,,,,,,,,,,,
,,,,,,,,,,,,,,,,,,,,,,,,,,,,,,,,,,,,,,,,,,,,,,,
,,,,,,,,,,,,,,,,,,,,,,,,,,,,,,,,,,,,,,,,,,,,,,,
,,,,,,,,,,,,,,,,,,,,,,,,,,,,,,,,,,,,,,,,,,,,,,,
,,,,,,,,,,,,,,,,,,,,,,,,,,,,,,,,,,,,,,,,,,,,,,,
,,,,,,,,,,,,,,,,,,,,,,,,,,,,,,,,,,,,,,,,,,,,,,,
,,,,,,,,,,,,,,,,,,,,,,,,,,,,,,,,,,,,,,,,,,,,,,,
,,,,,,,,,,,,,,,,,,,,,,,,,,,,,,,,,,,,,,,,,,,,,,,
,,,,,,,,,,,,,,,,,,,,,,,,,,,,,,,,,,,,,,,,,,,,,,,
,,,,,,,,,,,,,,,,,,,,,,,,,,,,,,,,,,,,,,,,,,,,,,,
,,,,,,,,,,,,,,,,,,,,,,,,,,,,,,,,,,,,,,,,,,,,,,,
,,,,,,,,,,,,,,,,,,,,,,,,,,,,,,,,,,,,,,,,,,,,,,,
,,,,,,,,,,,,,,,,,,,,,,,,,,,,,,,,,,,,,,,,,,,,,,,
,,,,,,,,,,,,,,,,,,,,,,,,,,,,,,,,,,,,,,,,,,,,,,,
,,,,,,,,,,,,,,,,,,,,,,,,,,,,,,,,,,,,,,,,,,,,,,,
,,,,,,,,,,,,,,,,,,,,,,,,,,,,,,,,,,,,,,,,,,,,,,,
,,,,,,,,,,,,,,,,,,,,,,,,,,,,,,,,,,,,,,,,,,,,,,,
,,,,,,,,,,,,,,,,,,,,,,,,,,,,,,,,,,,,,,,,,,,,,,,
,,,,,,,,,,,,,,,,,,,,,,,,,,,,,,,,,,,,,,,,,,,,,,,
,,,,,,,,,,,,,,,,,,,,,,,,,,,,,,,,,,,,,,,,,,,,,,,
,,,,,,,,,,,,,,,,,,,,,,,,,,,,,,,,,,,,,,,,,,,,,,,
,,,,,,,,,,,,,,,,,,,,,,,,,,,,,,,,,,,,,,,,,,,,,,,
,,,,,,,,,,,,,,,,,,,,,,,,,,,,,,,,,,,,,,,,,,,,,,,
,,,,,,,,,,,,,,,,,,,,,,,,,,,,,,,,,,,,,,,,,,,,,,,
,,,,,,,,,,,,,,,,,,,,,,,,,,,,,,,,,,,,,,,,,,,,,,,
,,,,,,,,,,,,,,,,,,,,,,,,,,,,,,,,,,,,,,,,,,,,,,,
,,,,,,,,,,,,,,,,,,,,,,,,,,,,,,,,,,,,,,,,,,,,,,,
,,,,,,,,,,,,,,,,,,,,,,,,,,,,,,,,,,,,,,,,,,,,,,,
,,,,,,,,,,,,,,,,,,,,,,,,,,,,,,,,,,,,,,,,,,,,,,,
,,,,,,,,,,,,,,,,,,,,,,,,,,,,,,,,,,,,,,,,,,,,,,,
,,,,,,,,,,,,,,,,,,,,,,,,,,,,,,,,,,,,,,,,,,,,,,,
,,,,,,,,,,,,,,,,,,,,,,,,,,,,,,,,,,,,,,,,,,,,,,,
,,,,,,,,,,,,,,,,,,,,,,,,,,,,,,,,,,,,,,,,,,,,,,,
,,,,,,,,,,,,,,,,,,,,,,,,,,,,,,,,,,,,,,,,,,,,,,,
,,,,,,,,,,,,,,,,,,,,,,,,,,,,,,,,,,,,,,,,,,,,,,,
,,,,,,,,,,,,,,,,,,,,,,,,,,,,,,,,,,,,,,,,,,,,,,,
,,,,,,,,,,,,,,,,,,,,,,,,,,,,,,,,,,,,,,,,,,,,,,,
,,,,,,,,,,,,,,,,,,,,,,,,,,,,,,,,,,,,,,,,,,,,,,,
,,,,,,,,,,,,,,,,,,,,,,,,,,,,,,,,,,,,,,,,,,,,,,,
,,,,,,,,,,,,,,,,,,,,,,,,,,,,,,,,,,,,,,,,,,,,,,,
,,,,,,,,,,,,,,,,,,,,,,,,,,,,,,,,,,,,,,,,,,,,,,,
,,,,,,,,,,,,,,,,,,,,,,,,,,,,,,,,,,,,,,,,,,,,,,,
,,,,,,,,,,,,,,,,,,,,,,,,,,,,,,,,,,,,,,,,,,,,,,,
,,,,,,,,,,,,,,,,,,,,,,,,,,,,,,,,,,,,,,,,,,,,,,,
,,,,,,,,,,,,,,,,,,,,,,,,,,,,,,,,,,,,,,,,,,,,,,,
,,,,,,,,,,,,,,,,,,,,,,,,,,,,,,,,,,,,,,,,,,,,,,,
,,,,,,,,,,,,,,,,,,,,,,,,,,,,,,,,,,,,,,,,,,,,,,,
,,,,,,,,,,,,,,,,,,,,,,,,,,,,,,,,,,,,,,,,,,,,,,,
,,,,,,,,,,,,,,,,,,,,,,,,,,,,,,,,,,,,,,,,,,,,,,,
,,,,,,,,,,,,,,,,,,,,,,,,,,,,,,,,,,,,,,,,,,,,,,,
,,,,,,,,,,,,,,,,,,,,,,,,,,,,,,,,,,,,,,,,,,,,,,,
,,,,,,,,,,,,,,,,,,,,,,,,,,,,,,,,,,,,,,,,,,,,,,,
,,,,,\,,,,,,,,,,,,,,,,,,,,,,,,,,,,,,,,,,,,,,,,,,