yard,treatment_grp,lab_ID,field_ID,nuc_year,date_collected,sampling_event,year,queen_breeder,queen_year_mated,overwinter_success,virgin_year,frame_of_bees_FHA,frame_of _bees_date,frame_of_bees,brood_amnt_FHA,brood_amnt,brood_pat,brood_swarm_cells,disease_present,FKB_start_date,FKB_end_date,FKB_start_uncapped,FKB_start_capped,FKB_end_capped,FKB_percentage,UBO_date,UBO_start_time,UBO_end_time,UBO_start_capped,UBO_end_uncapped,UBO_percentile,RNA_ext_date,virus_count,varroa_count,nosema_count,varroa_load_mites.100.bees,nosema_load_spores.bee,honey_removed,october_weight,queen_eval_pat,queen_eval_amt,pollen_sub_added,comments,,,,
Martin,,29,21G,,5/18/21,1,2021,69,2019,,,16,,16,10,10,,,,,,,,,,,,,,,,,,0,0,0,0,,,,,,,,,,
Martin,,31,22G,,5/18/21,1,2021,78,2019,,,12,,12,13.5,13.5,,,,,,,,,,,,,,,,,,0,7,0,350000,,,,,,,,,,
Martin,,26,16G,,5/26/21,1,2021,NDQ,,,,12+,,12,,,,,,,,,,,,,,,,,,,,0,7,0,350000,,,,,,,,,,
Martin,,21,14G,,5/26/21,1,2021,,,,,8,,8,,,,,,,,,,,,,,,,,,,,1,0,0.333333333,0,,,,,,,,,,
Martin,,23,02G,,5/26/21,1,2021,77,2019,,,12+,,12,,,,,,,,,,,,,,,,,,,,4,0,1.333333333,0,,,,,,,,,,
Martin,,24,25G,,5/26/21,1,2021,67,2018,,,11 C/J,,11,,,,,,,,,,,,,,,,,,,,0,0,0,0,,,,,,,,,,
Martin,,22,14GA,,5/26/21,1,2021,,,,,10,,10,,,,,,,,,,,,,,,,,,,,0,0,0,0,,,,,,,,,,
Martin,,32,18G,,5/26/21,1,2021,,,,,12+,,12,,,,,,,,,,,,,,,,,,,,0,1,0,50000,,,,,,,,,,
Martin,,28,27G,,5/26/21,1,2021,75,2020,,,10,,10,,,,,,,,,,,,,,,,,,,,1,1,0.333333333,50000,,,,,,,,,,
Martin,,25,26G,,5/26/21,1,2021,69,2017,,,8,,8,,,,,,,,,,,,,,,,,,,,0,0,0,0,,,,,,,,,,
Martin,,30,19G,,5/26/21,1,2021,,,,,10,,10,,,,,,,,,,,,,,,,,,,,0,7,0,350000,,,,,,,,,,
Martin,,33,08G,,5/26/21,1,2021,,,,,12+,,12,,,,,,,,,,,,,,,,,,,,0,5,0,250000,,,,,,,,,,
Martin,,27,11,,5/26/21,1,2021,65,2020,,,10+,,10,,,,,,,,,,,,,,,,,,,,3,0,1,0,,,,,,,,,,
Fortin,,80,2,,5/25/21,1,2021,,,,,10,,10,,,,,,,,,,,,,,,,,,,,0,64,0,3200000,,,,,,,,,,
Fortin,,75,4,,5/25/21,1,2021,,,,,16+,,16,,,,,,,,,,,,,,,,,,,,0,93,0,4650000,,,,,,,,,,
Fortin,,73,9,,5/25/21,1,2021,,,,,12+,,12,,,,,,,,,,,,,,,,,,,,0,44,0,2200000,,,,,,,,,,
Fortin,,74,6,,5/25/21,1,2021,,,,,12+,,12,,,,,,,,,,,,,,,,,,,,0,40,0,2000000,,,,,,,,,,
Fortin,,81,10,,5/25/21,1,2021,,,,,10,,10,,,,,,,,,,,,,,,,,,,,0,83,0,4150000,,,,,,,,,,
Fortin,,76,20,,5/25/21,1,2021,,,,,12+,,12,,,,,,,,,,,,,,,,,,,,1,100,0.333333333,5000000,,,,,,,,,,
Fortin,,78,21,,5/25/21,1,2021,,,,,10+,,10,,,,,,,,,,,,,,,,,,,,0,128,0,6400000,,,,,,,,,,
Fortin,,79,22,,5/25/21,1,2021,,,,,10,,10,,,,,,,,,,,,,,,,,,,,0,46,0,2300000,,,,,,,,,,
Fortin,,77,19,,5/25/21,1,2021,,,,,12+,,12,,,,,,,,,,,,,,,,,,,,3,10,1,500000,,,,,,,,,,
Fortin,,82,25,,5/25/21,1,2021,,,,,10,,10,,,,,,,,,,,,,,,,,,,,0,8,0,400000,,,,,,,,,,
Fortin,,83,16,,5/25/21,1,2021,,,,,9,,9,,,,,,,,,,,,,,,,,,,,0,19,0,950000,,,,,,,,,,
Ferland,,68,3,,5/25/21,1,2021,,,,,6,,6,,,,,,,,,,,,,,,,,,,,0,18,0,900000,,,,,,,,,,
Ferland,,67,1,,5/25/21,1,2021,,,,,7,,7,,,,,,,,,,,,,,,,,,,,0,18,0,900000,,,,,,,,,,
Ferland,,69,18,,5/25/21,1,2021,,,,,8+,,8,,,,,,,,,,,,,,,,,,,,2,18,0.666666667,900000,,,,,,,,,,
Ferland,,70,22,,5/25/21,1,2021,,,,,10,,10,,,,,,,,,,,,,,,,,,,,0,93,0,4650000,,,,,,,,,,
Ferland,,71,21,,5/25/21,1,2021,,,,,10+,,10,,,,,,,,,,,,,,,,,,,,0,107,0,5350000,,,,,,,,,,
Ferland,,72,20,,5/25/21,1,2021,,,,,10,,10,,,,,,,,,,,,,,,,,,,,NA,NA,NA,NA,,,,,,,,,,
Brigham,,35,1,,5/26/21,1,2021,69,2020,,,,,,6,6,,,,,,,,,,,,,,,,,,0,2,0,100000,,,,,,,,,,
Brigham,,38,7,,5/26/21,1,2021,75,2020,,,,,,8,8,,,,,,,,,,,,,,,,,,0,4,0,200000,,,,,,,,,,
Brigham,,36,4,,5/26/21,1,2021,75,2020,,,,,,8,8,,,,,,,,,,,,,,,,,,0,0,0,0,,,,,,,,,,
Brigham,,39,13,,5/26/21,1,2021,76,2019,,,,,,,,,,,,,,,,,,,,,,,,,0,11,0,550000,,,,,,,,,,
Brigham,,41,6,,5/26/21,1,2021,69,2020,,,,,,7,7,,,,,,,,,,,,,,,,,,0,5,0,250000,,,,,,,,,,
Brigham,,40,11,,5/26/21,1,2021,76,2020,,,,,,8,8,,,,,,,,,,,,,,,,,,0,16,0,800000,,,,,,,,,,
Brigham,,34,2,,5/26/21,1,2021,75,2020,,,,,,8,8,,,,,,,,,,,,,,,,,,0,32,0,1600000,,,,,,,,,,
Brigham,,37,5,,5/26/21,1,2021,75,2020,,,,,,7+1,7,,,,,,,,,,,,,,,,,,0,8,0,400000,,,,,,,,,,
Camisa,,46,13,,5/26/21,1,2021,69,2020,,,,,,,,,,,,,,,,,,,,,,,,,NA,NA,NA,NA,,,,,,,,,,
Camisa,,43,10,,5/26/21,1,2021,69,2020,,,,,,6,6,,,,,,,,,,,,,,,,,,0,0,0,0,,,,,,,,,,
Camisa,,44,5,,5/26/21,1,2021,69,2020,,,,,,6,6,,,,,,,,,,,,,,,,,,0,2,0,100000,,,,,,,,,,
Camisa,,42,11,,5/26/21,1,2021,69,2020,,,,,,7,7,,,,,,,,,,,,,,,,,,0,2,0,100000,,,,,,,,,,
Camisa,,48,19,,5/26/21,1,2021,69,2020,,,,,,7,7,,,,,,,,,,,,,,,,,,0,2,0,100000,,,,,,,,,,
Camisa,,45,16,,5/26/21,1,2021,69,2020,,,,,,6,6,,,,,,,,,,,,,,,,,,0,5,0,250000,,,,,,,,,,
Camisa,,47,14,,5/26/21,1,2021,69,2020,,,,,,6,6,,,,,,,,,,,,,,,,,,0,1,0,50000,,,,,,,,,,
Yandow,,59,2,,6/2/21,1,2021,76,2019,,,10+,,10,,,,,,,,,,,,,,,,,,,,0,0,0,0,,,,,,,,,,
Yandow,,60,9,,6/2/21,1,2021,69,2019,,,12,,12,,,,,,,,,,,,,,,,,,,,0,0,0,0,,,,,,,,,,
Yandow,,61,UVM1,,6/2/21,1,2021,69,2020,,,,,,8,8,,,,,,,,,,,,,,,,,,0,0,0,0,,,,,,,,,,
Yandow,,62,UVM2,,6/2/21,1,2021,75,2020,,,,,,8,8,,,,,,,,,,,,,,,,,,0,0,0,0,,,,,,,,,,
Yandow,,63,UVM3,,6/2/21,1,2021,76,2020,,,,,,8,8,,,,,,,,,,,,,,,,,,0,0,0,0,,,,,,,,,,
Yandow,,64,UVM4,,6/2/21,1,2021,75,2020,,,,,,7,7,,,,,,,,,,,,,,,,,,0,0,0,0,,,,,,,,,,
Yandow,,65,24,,6/2/21,1,2021,78,2019,,,7,,7,,,,,,,,,,,,,,,,,,,,0,0,0,0,,,,,,,,,,
Yandow,,66,UVM5,,6/2/21,1,2021,69,2020,,,,,,8,8,,,,,,,,,,,,,,,,,,0,0,0,0,,,,,,,,,,
Allard,,56,25,,6/2/21,1,2021,78,2019,,,8,,8,,,,,,,,,,,,,,,,,,,,0,0,0,0,,,,,,,,,,
Allard,,49,14,,6/2/21,1,2021,78,2019,,,12+,,12,,,,,,,,,,,,,,,,,,,,0,0,0,0,,,,,,,,,,
Allard,,55,20,,6/2/21,1,2021,,2019,,,12,,12,,,,,,,,,,,,,,,,,,,,5,0,1.666666667,0,,,,,,,,,,
Allard,,58,7,,6/2/21,1,2021,69,2020,,,9+,,9,,,,,,,,,,,,,,,,,,,,0,0,0,0,,,,,,,,,,
Allard,,50,8,,6/2/21,1,2021,68 NDQ,2018,,,10,,10,,,,,,,,,,,,,,,,,,,,0,0,0,0,,,,,,,,,,
Allard,,53,15,,6/2/21,1,2021,69,2019,,,8,,8,,,,,,,,,,,,,,,,,,,,0,0,0,0,,,,,,,,,,
Allard,,57,9,,6/2/21,1,2021,65,2019,,,15+,,15,,,,,,,,,,,,,,,,,,,,2,0,0.666666667,0,,,,,,,,,,
Allard,,51,16,,6/2/21,1,2021,67,2019,,,12,,12,,,,,,,,,,,,,,,,,,,,3,0,1,0,,,,,,,,,,
Allard,,52,18,,6/2/21,1,2021,67,2019,,,15+,,15,,,,,,,,,,,,,,,,,,,,0,0,0,0,,,,,,,,,,
Allard,,54,17,,6/2/21,1,2021,69,2019,,,8,,8,,,,,,,,,,,,,,,,,,,,4,0,1.333333333,0,,,,,,,,,,
Martin,,29,21G,,6/24/21,2,2021,,,,,,,,,,,SWMD 6/22,,6/22/21,6/24/21,16,144,15,0.8958,,,,,,,,,0,2,0,100000,,,,,,,,,,
Martin,,31,22G,,6/24/21,2,2021,,,,,,,,,,,,,6/22/21,6/24/21,25,135,5,0.963,,,,,,,,,1,3,0.333333333,150000,,,,,,,,,,
Martin,,26,16G,,6/24/21,2,2021,,,,,,,,,,,,,6/22/21,6/24/21,24,136,30,0.7794,,,,,,,,,0,0,0,0,,,,,,,,,,
Martin,,21,14G,,6/24/21,2,2021,,,,,,,,,,,,,6/22/21,6/24/21,8,152,67,0.5592,,,,,,,,,3,0,1,0,,,,,,,,,,
Martin,,23,02G,,6/24/21,2,2021,,,,,,,,,,,,,6/22/21,6/24/21,12,148,31,0.7905,,,,,,,,,4,0,1.333333333,0,,,,,,,,,,
Martin,,24,25G,,6/24/21,2,2021,,,,,,,,,,,,,6/22/21,6/24/21,24,136,35,0.7426,,,,,,,,,4,0,1.333333333,0,,,,,,,,,,
Martin,,22,14GA,,6/24/21,2,2021,,,,,,,,,,,,,6/22/21,6/24/21,8,152,36,0.7632,,,,,,,,,0,0,0,0,,,,,,,,,,
Martin,,32,18G,,6/24/21,2,2021,,,,,,,,,,,,,6/22/21,6/24/21,4,156,78,0.5,,,,,,,,,0,0,0,0,,,,,,,,,,
Martin,,28,27G,,6/24/21,2,2021,,,,,,,,,,,,,6/22/21,6/24/21,20,140,49,0.65,,,,,,,,,3,0,1,0,,,,,,,,,,
Martin,,25,26G,,6/24/21,2,2021,,,,,,,,,,,,,6/22/21,6/24/21,15,145,3,0.9793,,,,,,,,,0,0,0,0,,,,,,,,,,
Martin,,30,19G,,6/24/21,2,2021,,,,,,,,,,,,,6/22/21,6/24/21,3,157,119,0.242,,,,,,,,,10,1,3.333333333,50000,,,,,,,,,,
Martin,,33,08G,,6/24/21,2,2021,,,,,,,,,,,,,6/22/21,6/24/21,0,160,6,0.9625,,,,,,,,,1,0,0.333333333,0,,,,,,,,,,
Martin,,27,11,,6/24/21,2,2021,,,,,,,,,,,,,6/22/21,6/24/21,10,150,66,0.56,,,,,,,,,10,3,3.333333333,150000,,,,,,,,,,
Fortin,,80,2,,6/25/21,2,2021,,,,,,,,,,,,,6/23/21,6/25/21,24,136,20,0.8529,,,,,,,,,0,2,0,100000,,,,,,,,,,
Fortin,,75,4,,6/25/21,2,2021,,,,,,,,,,,,,6/23/21,6/25/21,NA,NA,NA,NA,,,,,,,,,0,28,0,1400000,,,,,,new Q,,,,
Fortin,,73,9,,6/25/21,2,2021,,,,,,,,,,,,,6/23/21,6/25/21,14,146,101,0.3082,,,,,,,,,2,0,0.666666667,0,,,,,,re-do HB test,,,,
Fortin,,74,6,,6/25/21,2,2021,,,,,,,,,,,,,6/23/21,6/25/21,11,149,19,0.8725,,,,,,,,,0,5,0,250000,,,,,,,,,,
Fortin,,81,10,,6/25/21,2,2021,,,,,,,,,,,,,6/23/21,6/25/21,26,134,33,0.7537,,,,,,,,,0,7,0,350000,,,,,,,,,,
Fortin,,76,20,,6/25/21,2,2021,,,,,,,,,,,,,6/23/21,6/25/21,20,140,59,0.5786,,,,,,,,,5,0,1.666666667,0,,,,,,,,,,
Fortin,,78,21,,6/25/21,2,2021,,,,,,,,,,,,,6/23/21,6/25/21,14,146,66,0.5479,,,,,,,,,0,0,0,0,,,,,,,,,,
Fortin,,79,22,,6/25/21,2,2021,,,,,,,,,,,,,6/23/21,6/25/21,16,144,83,0.4236,,,,,,,,,0,0,0,0,,,,,,,,,,
Fortin,,77,19,,6/25/21,2,2021,,,,,,,,,,,,,6/23/21,6/25/21,23,137,49,0.6423,,,,,,,,,5,1,1.666666667,50000,,,,,,,,,,
Fortin,,82,25,,6/25/21,2,2021,,,,,,,,,,,,,6/23/21,6/25/21,24,136,46,0.6618,,,,,,,,,3,4,1,200000,,,,,,,,,,
Fortin,,83,16,,6/25/21,2,2021,,,,,,,,,,,,,6/23/21,6/25/21,5,155,59,0.6194,,,,,,,,,1,2,0.333333333,100000,,,,,,,,,,
Ferland,,68,3,,6/25/21,2,2021,,,,,,,,,,,,,6/23/21,6/25/21,15,145,57,0.6069,,,,,,,,,4,3,1.333333333,150000,,,,,,,,,,
Ferland,,67,1,,6/25/21,2,2021,,,,,,,,,,,,,6/23/21,6/25/21,31,129,58,0.5504,,,,,,,,,2,0,0.666666667,0,,,,,,,,,,
Ferland,,69,18,,6/25/21,2,2021,,,,,,,,,,,,,6/23/21,6/25/21,NA,NA,NA,NA,,,,,,,,,1,2,0.333333333,100000,,,,,,,,,,
Ferland,,70,22,,6/25/21,2,2021,,,,,,,,,,,,,6/23/21,6/25/21,21,139,26,0.8129,,,,,,,,,0,2,0,100000,,,,,,,,,,
Ferland,,71,21,,6/25/21,2,2021,,,,,,,,,,,,,6/23/21,6/25/21,10,150,62,0.5867,,,,,,,,,1,3,0.333333333,150000,,,,,,,,,,
Ferland,,72,20,,6/25/21,2,2021,,,,,,,,,,,,,6/23/21,6/25/21,38,122,39,0.6803,,,,,,,,,0,16,0,800000,,,,,,,,,,
Brigham,,35,1,,6/24/21,2,2021,,,,,,,,,,,,,6/22/21,6/24/21,12,148,85,0.4257,,,,,,,,,0,1,0,50000,,,,,,,,,,
Brigham,,38,7,,6/24/21,2,2021,,,,,,,,,,,,,6/22/21,6/24/21,20,140,13,0.9071,,,,,,,,,0,0,0,0,,,,,,,,,,
Brigham,,36,4,,6/24/21,2,2021,,,,,,,,,,,,,6/22/21,6/24/21,9,151,81,0.4636,,,,,,,,,0,0,0,0,,,,,,,,,,
Brigham,,39,13,,6/24/21,2,2021,,,,,,,,,,,,,6/22/21,6/24/21,16,144,109,0.2431,,,,,,,,,0,4,0,200000,,,,,,,,,,
Brigham,,41,6,,6/24/21,2,2021,,,,,,,,,,,,,6/22/21,6/24/21,1,159,35,0.7799,,,,,,,,,0,1,0,50000,,,,,,,,,,
Brigham,,40,11,,6/24/21,2,2021,,,,,,,,,,,,,6/22/21,6/24/21,15,145,9,0.9379,,,,,,,,,0,0,0,0,,,,,,,,,,
Brigham,,34,2,,6/24/21,2,2021,,,,,,,,,,,,,6/22/21,6/24/21,NA,NA,NA,NA,,,,,,,,,NA,NA,NA,NA,,,,,,,,,,
Brigham,,37,5,,6/24/21,2,2021,,,,,,,,,,,,,6/22/21,6/24/21,10,150,41,0.7267,,,,,,,,,0,0,0,0,,,,,,,,,,
Camisa,,46,13,,6/24/21,2,2021,,,,,,,,,,,,,6/22/21,6/24/21,22,138,21,0.8478,,,,,,,,,0,0,0,0,,,,,,,,,,
Camisa,,43,10,,6/24/21,2,2021,,,,,,,,,,,,,6/22/21,6/24/21,14,146,65,0.5548,,,,,,,,,0,0,0,0,,,,,,,,,,
Camisa,,44,5,,6/24/21,2,2021,,,,,,,,,,,,,6/22/21,6/24/21,6,154,58,0.6234,,,,,,,,,0,0,0,0,,,,,,,,,,
Camisa,,42,11,,6/24/21,2,2021,,,,,,,,,,,,,6/22/21,6/24/21,20,140,66,0.5286,,,,,,,,,1,1,0.333333333,50000,,,,,,,,,,
Camisa,,48,19,,6/24/21,2,2021,,,,,,,,,,,,,6/22/21,6/24/21,22,138,47,0.6594,,,,,,,,,0,0,0,0,,,,,,,,,,
Camisa,,45,16,,6/24/21,2,2021,,,,,,,,,,,,,6/22/21,6/24/21,4,156,37,0.7628,,,,,,,,,1,0,0.333333333,0,,,,,,,,,,
Camisa,,47,14,,6/24/21,2,2021,,,,,,,,,,,,,6/22/21,6/24/21,3,157,62,0.6051,,,,,,,,,0,0,0,0,,,,,,,,,,
Yandow,,59,2,,6/25/21,2,2021,,,,,,,,,,,,,6/23/21,6/25/21,13,147,48,0.6735,,,,,,,,,0,0,0,0,,,,,,,,,,
Yandow,,60,9,,6/25/21,2,2021,,,,,,,,,,,,,6/23/21,6/25/21,12,148,70,0.527,,,,,,,,,1,0,0.333333333,0,,,,,,Incomplete (pupae partially alive after HB test- needs re-do),,,,
Yandow,,61,UVM1,,6/25/21,2,2021,,,,,,,,,,,,,6/23/21,6/25/21,38,122,21,0.8279,,,,,,,,,0,0,0,0,,,,,,,,,,
Yandow,,62,UVM2,,6/25/21,2,2021,,,,,,,,,,,,,6/23/21,6/25/21,0,160,117,0.2688,,,,,,,,,0,0,0,0,,,,,,Incomplete,,,,
Yandow,,63,UVM3,,6/25/21,2,2021,,,,,,,,,,,,,6/23/21,6/25/21,6,154,82,0.4675,,,,,,,,,0,0,0,0,,,,,,successful freeze,,,,
Yandow,,64,UVM4,,6/25/21,2,2021,,,,,,,,,,,SWMD ?,,6/23/21,6/25/21,18,142,81,0.4296,,,,,,,,,0,0,0,0,,,,,,,,,,
Yandow,,65,24,,6/25/21,2,2021,,,,,,,,,,,,,6/23/21,6/25/21,13,147,64,0.5646,,,,,,,,,0,0,0,0,,,,,,,,,,
Yandow,,66,UVM5,,6/25/21,2,2021,,,,,,,,,,,,,6/23/21,6/25/21,14,146,78,0.4658,,,,,,,,,0,0,0,0,,,,,,Incomplete,,,,
Allard,,56,25,,6/24/21,2,2021,,,,,,,,,,,,,6/22/21,6/24/21,15,145,29,0.8,,,,,,,,,0,1,0,50000,,,,,,,,,,
Allard,,49,14,,6/24/21,2,2021,,,,,,,,,,,,,6/22/21,6/24/21,9,151,26,0.8278,,,,,,,,,2,0,0.666666667,0,,,,,,,,,,
Allard,,55,20,,6/24/21,2,2021,,,,,,,,,,,,,6/22/21,6/24/21,13,147,69,0.5306,,,,,,,,,14,0,4.666666667,0,,,,,,,,,,
Allard,,58,7,,6/24/21,2,2021,,,,,,,,,,,,,6/22/21,6/24/21,4,156,84,0.4615,,,,,,,,,3,0,1,0,,,,,,,,,,
Allard,,50,8,,6/24/21,2,2021,,,,,,,,,,,,,6/22/21,6/24/21,17,143,44,0.6923,,,,,,,,,2,0,0.666666667,0,,,,,,,,,,
Allard,,53,15,,6/24/21,2,2021,,,,,,,,,,,,,6/22/21,6/24/21,26,134,6,0.9552,,,,,,,,,7,0,2.333333333,0,,,,,,,,,,
Allard,,57,9,,6/24/21,2,2021,,,,,,,,,,,,,6/22/21,6/24/21,21,139,62,0.554,,,,,,,,,7,0,2.333333333,0,,,,,,,,,,
Allard,,51,16,,6/24/21,2,2021,,,,,,,,,,,,,6/22/21,6/24/21,30,130,9,0.9308,,,,,,,,,4,0,1.333333333,0,,,,,,,,,,
Allard,,52,18,,6/24/21,2,2021,,,,,,,,,,,,,6/22/21,6/24/21,4,156,44,0.7179,,,,,,,,,2,0,0.666666667,0,,,,,,,,,,
Allard,,54,17,,6/24/21,2,2021,,,,,,,,,,,,,6/22/21,6/24/21,27,133,42,0.6842,,,,,,,,,12,0,4,0,,,,,,,,,,
Martin,,29,21G,,8/5/21,3,2021,,,,,,,,,,,,,,,,,,,,,,,,,,,6,1,2,50000,,,,,,received 1st mite treatment,,,,
Martin,,31,22G,,8/5/21,3,2021,,,,,,,,,,,,,,,,,,,,,,,,,,,0,0,0,0,,,,,,received 1st mite treatment,,,,
Martin,,26,16G,,8/5/21,3,2021,,,,,,,,,,,,,,,,,,,,,,,,,,,2,0,0.666666667,0,,,,,,received 1st mite treatment,,,,
Martin,,21,14G,,8/5/21,3,2021,,,,,,,,,,,,,,,,,,,,,,,,,,,15,0,5,0,,,,,,received 1st mite treatment,,,,
Martin,,23,02G,,8/5/21,3,2021,,,,,,,,,,,,,,,,,,,,,,,,,,,20,1,6.666666667,50000,,,,,,received 1st mite treatment,,,,
Martin,,24,25G,,8/5/21,3,2021,,,,,,,,,,,,,,,,,,,,,,,,,,,3,1,1,50000,,,,,,received 1st mite treatment,,,,
Martin,,22,14GA,,8/5/21,3,2021,,,,,,,,,,,,,,,,,,,,,,,,,,,11,0,3.666666667,0,,,,,,received 1st mite treatment,,,,
Martin,,32,18G,,8/5/21,3,2021,,,,,,,,,,,,,,,,,,,,,,,,,,,5,0,1.666666667,0,,,,,,received 1st mite treatment,,,,
Martin,,28,27G,,8/5/21,3,2021,,,,,,,,,,,,,,,,,,,,,,,,,,,15,0,5,0,,,,,,received 1st mite treatment,,,,
Martin,,25,26G,,8/5/21,3,2021,,,,,,,,,,,,,,,,,,,,,,,,,,,1,0,0.333333333,0,,,,,,received 1st mite treatment,,,,
Martin,,30,19G,,8/5/21,3,2021,,,,,,,,,,,,,,,,,,,,,,,,,,,22,0,7.333333333,0,,,,,,"signs of chalkbrood? â€” what looks like discolored, dried up larvae in a few cells, received 1st mite treatment",,,,
Martin,,33,08G,,8/5/21,3,2021,,,,,,,,,,,,,,,,,,,,,,,,,,,4,1,1.333333333,50000,,,,,,received 1st mite treatment,,,,
Martin,,27,11,,8/5/21,3,2021,,,,,,,,,,,,,,,,,,,,,,,,,,,22,1,7.333333333,50000,,,,,,received 1st mite treatment,,,,
Fortin,,80,2,,8/7/21,3,2021,,,,,,,,,,,,,,,,,,,,,,,,,,,0,0,0,0,,,,,,,,,,
Fortin,,75,4,,8/7/21,3,2021,,,,,,,,,,,,,,,,,,,,,,,,,,,0,0,0,0,,,,,,,,,,
Fortin,,73,9,,8/7/21,3,2021,,,,,,,,,,,,,,,,,,,,,,,,,,,0,0,0,0,,,,,,,,,,
Fortin,,74,6,,8/7/21,3,2021,,,,,,,,,,,,,,,,,,,,,,,,,,,1,0,0.333333333,0,,,,,,,,,,
Fortin,,81,10,,8/7/21,3,2021,,,,,,,,,,,,,,,,,,,,,,,,,,,4,0,1.333333333,0,,,,,,,,,,
Fortin,,76,20,,8/7/21,3,2021,,,,,,,,,,,,,,,,,,,,,,,,,,,24,0,8,0,,,,,,,,,,
Fortin,,78,21,,8/7/21,3,2021,,,,,,,,,,,,,,,,,,,,,,,,,,,4,0,1.333333333,0,,,,,,,,,,
Fortin,,79,22,,8/7/21,3,2021,,,,,,,,,,,,,,,,,,,,,,,,,,,2,0,0.666666667,0,,,,,,,,,,
Fortin,,77,19,,8/7/21,3,2021,,,,,,,,,,,,,,,,,,,,,,,,,,,24,0,8,0,,,,,,,,,,
Fortin,,82,25,,8/7/21,3,2021,,,,,,,,,,,,,,,,,,,,,,,,,,,3,0,1,0,,,,,,,,,,
Fortin,,83,16,,8/7/21,3,2021,,,,,,,,,,,,,,,,,,,,,,,,,,,3,0,1,0,,,,,,,,,,
Ferland,,68,3,,8/7/21,3,2021,,,,,,,,,,,,,,,,,,,,,,,,,,,4,0,1.333333333,0,,,,,,,,,,
Ferland,,67,1,,8/7/21,3,2021,,,,,,,,,,,,,,,,,,,,,,,,,,,10,0,3.333333333,0,,,,,,,,,,
Ferland,,69,18,,8/7/21,3,2021,,,,,,,,,,,,,,,,,,,,,,,,,,,3,0,1,0,,,,,,,,,,
Ferland,,70,22,,8/7/21,3,2021,,,,,,,,,,,,,,,,,,,,,,,,,,,12,0,4,0,,,,,,,,,,
Ferland,,71,21,,8/7/21,3,2021,,,,,,,,,,,,,,,,,,,,,,,,,,,10,0,3.333333333,0,,,,,,,,,,
Ferland,,72,20,,8/7/21,3,2021,,,,,,,,,,,,,,,,,,,,,,,,,,,5,0,1.666666667,0,,,,,,,,,,
Brigham,,35,1,,8/5/21,3,2021,,,,,,,,,,,,,,,,,,,,,,,,,,,1,1,0.333333333,50000,,,,,,,,,,
Brigham,,38,7,,8/5/21,3,2021,,,,,,,,,,,,,,,,,,,,,,,,,,,1,0,0.333333333,0,,,,,,,,,,
Brigham,,36,4,,8/5/21,3,2021,,,,,,,,,,,,,,,,,,,,,,,,,,,1,0,0.333333333,0,,,,,,,,,,
Brigham,,39,13,,8/5/21,3,2021,,,,,,,,,,,,,,,,,,,,,,,,,,,0,0,0,0,,,,,,,,,,
Brigham,,41,6,,8/5/21,3,2021,,,,,,,,,,,,,,,,,,,,,,,,,,,0,0,0,0,,,,,,,,,,
Brigham,,40,11,,8/5/21,3,2021,,,,,,,,,,,,,,,,,,,,,,,,,,,0,1,0,50000,,,,,,,,,,
Brigham,,34,2,,8/5/21,3,2021,,,,,,,,,,,,,,,,,,,,,,,,,,,NA,NA,NA,NA,,,,,,,,,,
Brigham,,37,5,,8/5/21,3,2021,,,,,,,,,,,,,,,,,,,,,,,,,,,0,0,0,0,,,,,,,,,,
Camisa,,46,13,,8/5/21,3,2021,,,,,,,,,,,,,,,,,,,,,,,,,,,0,0,0,0,,,,,,,,,,
Camisa,,43,10,,8/5/21,3,2021,,,,,,,,,,,,,,,,,,,,,,,,,,,0,0,0,0,,,,,,,,,,
Camisa,,44,5,,8/5/21,3,2021,,,,,,,,,,,,,,,,,,,,,,,,,,,0,0,0,0,,,,,,,,,,
Camisa,,42,11,,8/5/21,3,2021,,,,,,,,,,,,,,,,,,,,,,,,,,,0,0,0,0,,,,,,,,,,
Camisa,,48,19,,8/5/21,3,2021,,,,,,,,,,,,,,,,,,,,,,,,,,,0,0,0,0,,,,,,,,,,
Camisa,,45,16,,8/5/21,3,2021,,,,,,,,,,,,,,,,,,,,,,,,,,,1,0,0.333333333,0,,,,,,,,,,
Camisa,,47,14,,8/5/21,3,2021,,,,,,,,,,,,,,,,,,,,,,,,,,,0,0,0,0,,,,,,,,,,
Yandow,,59,2,,8/5/21,3,2021,,,,,,,,,,,,,,,,,,,,,,,,,,,1,0,0.333333333,0,,,,,,received 1st mite treatment,,,,
Yandow,,60,9,,8/5/21,3,2021,,,,,,,,,,,,,,,,,,,,,,,,,,,5,0,1.666666667,0,,,,,,received 1st mite treatment,,,,
Yandow,,61,UVM1,,8/5/21,3,2021,,,,,,,,,,,,,,,,,,,,,,,,,,,0,0,0,0,,,,,,received 1st mite treatment,,,,
Yandow,,62,UVM2,,8/5/21,3,2021,,,,,,,,,,,,,,,,,,,,,,,,,,,2,0,0.666666667,0,,,,,,received 1st mite treatment,,,,
Yandow,,63,UVM3,,8/5/21,3,2021,,,,,,,,,,,,,,,,,,,,,,,,,,,0,0,0,0,,,,,,received 1st mite treatment,,,,
Yandow,,64,UVM4,,8/5/21,3,2021,,,,,,,,,,,,,,,,,,,,,,,,,,,0,0,0,0,,,,,,received 1st mite treatment,,,,
Yandow,,65,24,,8/5/21,3,2021,,,,,,,,,,,,,,,,,,,,,,,,,,,1,0,0.333333333,0,,,,,,received 1st mite treatment,,,,
Yandow,,66,UVM5,,8/5/21,3,2021,,,,,,,,,,,,,,,,,,,,,,,,,,,0,1,0,50000,,,,,,received 1st mite treatment,,,,
Allard,,56,25,,8/7/21,3,2021,,,,,,,,,,,,,,,,,,,,,,,,,,,3,0,1,0,,,,,,received 1st mite treatment,,,,
Allard,,49,14,,8/7/21,3,2021,,,,,,,,,,,,,,,,,,,,,,,,,,,4,0,1.333333333,0,,,,,,received 1st mite treatment,,,,
Allard,,55,20,,8/7/21,3,2021,,,,,,,,,,,,,,,,,,,,,,,,,,,20,0,6.666666667,0,,,,,,received 1st mite treatment,,,,
Allard,,58,7,,8/7/21,3,2021,,,,,,,,,,,,,,,,,,,,,,,,,,,6,0,2,0,,,,,,"Tipped over 6/2, received 1st mite treatment",,,,
Allard,,50,8,,8/7/21,3,2021,,,,,,,,,,,,,,,,,,,,,,,,,,,18,0,6,0,,,,,,received 1st mite treatment,,,,
Allard,,53,15,,8/7/21,3,2021,,,,,,,,,,,,,,,,,,,,,,,,,,,6,0,2,0,,,,,,received 1st mite treatment,,,,
Allard,,57,9,,8/7/21,3,2021,,,,,,,,,,,,,,,,,,,,,,,,,,,19,0,6.333333333,0,,,,,,received 1st mite treatment,,,,
Allard,,51,16,,8/7/21,3,2021,,,,,,,,,,,,,,,,,,,,,,,,,,,9,0,3,0,,,,,,received 1st mite treatment,,,,
Allard,,52,18,,8/7/21,3,2021,,,,,,,,,,,,,,,,,,,,,,,,,,,12,0,4,0,,,,,,received 1st mite treatment,,,,
Allard,,54,17,,8/7/21,3,2021,,,,,,,,,,,,,,,,,,,,,,,,,,,18,0,6,0,,,,,,received 1st mite treatment,,,,
Martin,,29,21G,,25-Aug,4,2021,,,,,,,,,,,,,,,,,,,,,,,,,,,12,0,4,0,186,,,,,,,,,
Martin,,31,22G,,25-Aug,4,2021,,,,,,,,,,,,,,,,,,,,,,,,,,,6,0,2,0,136,,,,,,,,,
Martin,,26,16G,,25-Aug,4,2021,,,,,,,,,,,,,,,,,,,,,,,,,,,3,0,1,0,163,,,,,,,,,
Martin,,21,14G,,25-Aug,4,2021,,,,,,,,,,,,,,,,,,,,,,,,,,,18,0,6,0,206,,,,,,,,,
Martin,,23,02G,,25-Aug,4,2021,,,,,,,,,,,,,,,,,,,,,,,,,,,45,0,15,0,121,,,,,,,,,
Martin,,24,25G,,25-Aug,4,2021,,,,,,,,,,,,,,,,,,,,,,,,,,,15,0,5,0,115,,,,,,,,,
Martin,,22,14GA,,25-Aug,4,2021,,,,,,,,,,,,,,,,,,,,,,,,,,,9,0,3,0,177,,,,,,,,,
Martin,,32,18G,,25-Aug,4,2021,,,,,,,,,,,,,,,,,,,,,,,,,,,2,0,0.666666667,0,129,,,,,,,,,
Martin,,28,27G,,25-Aug,4,2021,,,,,,,,,,,,,,,,,,,,,,,,,,,37,0,12.33333333,0,144,,,,,,,,,
Martin,,25,26G,,25-Aug,4,2021,,,,,,,,,,,,,,,,,,,,,,,,,,,7,0,2.333333333,0,186,,,,,,,,,
Martin,,30,19G,,25-Aug,4,2021,,,,,,,,,,,,PMS 8/25,,,,,,,,,,,,,,,39,1,13,50000,152,,,,,,,,,
Martin,,33,08G,,25-Aug,4,2021,,,,,,,,,,,,,,,,,,,,,,,,,,,3,0,1,0,161,,,,,,,,,
Martin,,27,11,,25-Aug,4,2021,,,,,,,,,,,,,,,,,,,,,,,,,,,32,0,10.66666667,0,175,,,,,,,,,
Fortin,,80,2,,27-Aug,4,2021,,,,,,,,,,,,,,,,,,,,,,,,,,,15,0,5,0,125,,,,,,,,,
Fortin,,75,4,,27-Aug,4,2021,,,,,,,,,,,,,,,,,,,,,,,,,,,4,0,1.333333333,0,122,,,,,,,,,
Fortin,,73,9,,27-Aug,4,2021,,,,,,,,,,,,,,,,,,,,,,,,,,,30,0,10,0,160,,,,,,,,,
Fortin,,74,6,,27-Aug,4,2021,,,,,,,,,,,,,,,,,,,,,,,,,,,8,0,2.666666667,0,120,,,,,,,,,
Fortin,,81,10,,27-Aug,4,2021,,,,,,,,,,,,,,,,,,,,,,,,,,,13,0,4.333333333,0,110,,,,,,,,,
Fortin,,76,20,,27-Aug,4,2021,,,,,,,,,,,,,,,,,,,,,,,,,,,72,0,24,0,160,,,,,,,,,
Fortin,,78,21,,27-Aug,4,2021,,,,,,,,,,,,,,,,,,,,,,,,,,,15,0,5,0,89,,,,,,,,,
Fortin,,79,22,,27-Aug,4,2021,,,,,,,,,,,,,,,,,,,,,,,,,,,16,0,5.333333333,0,120,,,,,,,,,
Fortin,,77,19,,27-Aug,4,2021,,,,,,,,,,,,,,,,,,,,,,,,,,,30,0,10,0,160,,,,,,,,,
Fortin,,82,25,,27-Aug,4,2021,,,,,,,,,,,,,,,,,,,,,,,,,,,47,5,15.66666667,250000,160,,,,,,,,,
Fortin,,83,16,,27-Aug,4,2021,,,,,,,,,,,,,,,,,,,,,,,,,,,6,0,2,0,150,,,,,,,,,
Ferland,,68,3,,27-Aug,4,2021,,,,,,,,,,,,,,,,,,,,,,,,,,,21,0,7,0,120,,,,,,,,,
Ferland,,67,1,,27-Aug,4,2021,,,,,,,,,,,,,,,,,,,,,,,,,,,7,0,2.333333333,0,150,,,,,,,,,
Ferland,,69,18,,27-Aug,4,2021,,,,,,,,,,,,,,,,,,,,,,,,,,,NA,NA,NA,NA,NA,,,,,removed from study,,,,
Ferland,,70,22,,27-Aug,4,2021,,,,,,,,,,,,,,,,,,,,,,,,,,,13,0,4.333333333,0,150,,,,,,,,,
Ferland,,71,21,,27-Aug,4,2021,,,,,,,,,,,,,,,,,,,,,,,,,,,30,0,10,0,150,,,,,,,,,
Ferland,,72,20,,27-Aug,4,2021,,,,,,,,,,,,,,,,,,,,,,,,,,,13,0,4.333333333,0,135,,,,,,,,,
Brigham,,35,1,,25-Aug,4,2021,,,,,,,,,,,,,,,,,,,,,,,,,,,0,0,0,0,115,,,,,,,,,
Brigham,,38,7,,25-Aug,4,2021,,,,,,,,,,,,,,,,,,,,,,,,,,,1,0,0.333333333,0,80,,,,,,,,,
Brigham,,36,4,,25-Aug,4,2021,,,,,,,,,,,,,,,,,,,,,,,,,,,5,0,1.666666667,0,75,,,,,,,,,
Brigham,,39,13,,25-Aug,4,2021,,,,,,,,,,,,,,,,,,,,,,,,,,,1,0,0.333333333,0,160,,,,,,,,,
Brigham,,41,6,,25-Aug,4,2021,,,,,,,,,,,,,,,,,,,,,,,,,,,0,0,0,0,80,,,,,,,,,
Brigham,,40,11,,25-Aug,4,2021,,,,,,,,,,,,,,,,,,,,,,,,,,,4,0,1.333333333,0,120,,,,,,,,,75
Brigham,,34,2,,25-Aug,4,2021,,,,,,,,,,,,,,,,,,,,,,,,,,,NA,NA,NA,NA,NA,,,,,,,,,195
Brigham,,37,5,,25-Aug,4,2021,,,,,,,,,,,,,,,,,,,,,,,,,,,0,0,0,0,75,,,,,,,,,
Camisa,,46,13,,25-Aug,4,2021,,,,,,,,,,,,,,,,,,,,,,,,,,,1,0,0.333333333,0,80,,,,,,,,,
Camisa,,43,10,,25-Aug,4,2021,,,,,,,,,,,,,,,,,,,,,,,,,,,0,0,0,0,80,,,,,,,,,
Camisa,,44,5,,25-Aug,4,2021,,,,,,,,,,,,,,,,,,,,,,,,,,,0,0,0,0,80,,,,,,,,,
Camisa,,42,11,,25-Aug,4,2021,,,,,,,,,,,,,,,,,,,,,,,,,,,2,0,0.666666667,0,80,,,,,,,,,
Camisa,,48,19,,25-Aug,4,2021,,,,,,,,,,,,,,,,,,,,,,,,,,,1,0,0.333333333,0,80,,,,,,,,,
Camisa,,45,16,,25-Aug,4,2021,,,,,,,,,,,,,,,,,,,,,,,,,,,3,0,1,0,115,,,,,,,,,
Camisa,,47,14,,25-Aug,4,2021,,,,,,,,,,,,,,,,,,,,,,,,,,,4,0,1.333333333,0,80,,,,,,,,,
Yandow,,59,2,,25-Aug,4,2021,,,,,,,,,,,,,,,,,,,,,,,,,,,3,0,1,0,95,,,,,,,,,
Yandow,,60,9,,25-Aug,4,2021,,,,,,,,,,,,,,,,,,,,,,,,,,,0,1,0,50000,149,,,,,,,,,
Yandow,,61,UVM1,,25-Aug,4,2021,,,,,,,,,,,,,,,,,,,,,,,,,,,1,0,0.333333333,0,80,,,,,,,,,
Yandow,,62,UVM2,,25-Aug,4,2021,,,,,,,,,,,,,,,,,,,,,,,,,,,0,0,0,0,88,,,,,,,,,
Yandow,,63,UVM3,,25-Aug,4,2021,,,,,,,,,,,,,,,,,,,,,,,,,,,0,0,0,0,85,,,,,,,,,
Yandow,,64,UVM4,,25-Aug,4,2021,,,,,,,,,,,,,,,,,,,,,,,,,,,0,0,0,0,64,,,,,,,,,
Yandow,,65,24,,25-Aug,4,2021,,,,,,,,,,,,,,,,,,,,,,,,,,,3,0,1,0,154,,,,,,,,,
Yandow,,66,UVM5,,25-Aug,4,2021,,,,,,,,,,,,,,,,,,,,,,,,,,,0,0,0,0,98,,,,,,,,,
Allard,,56,25,,27-Aug,4,2021,,,,,,,,,,,,,,,,,,,,,,,,,,,11,0,3.666666667,0,55,,,,,QL 8/27 emergency cells present,,,,
Allard,,49,14,,27-Aug,4,2021,,,,,,,,,,,,,,,,,,,,,,,,,,,6,0,2,0,145,,,,,,,,,
Allard,,55,20,,27-Aug,4,2021,,,,,,,,,,,,,,,,,,,,,,,,,,,11,0,3.666666667,0,110,,,,,,,,,
Allard,,58,7,,27-Aug,4,2021,,,,,,,,,,,,,,,,,,,,,,,,,,,13,0,4.333333333,0,145,,,,,,,,,
Allard,,50,8,,27-Aug,4,2021,,,,,,,,,,,,,,,,,,,,,,,,,,,6,0,2,0,160,,,,,,,,,
Allard,,53,15,,27-Aug,4,2021,,,,,,,,,,,,,,,,,,,,,,,,,,,15,0,5,0,190,,,,,QL 8/27,,,,
Allard,,57,9,,27-Aug,4,2021,,,,,,,,,,,,,,,,,,,,,,,,,,,17,0,5.666666667,0,150,,,,,,,,,
Allard,,51,16,,27-Aug,4,2021,,,,,,,,,,,,,,,,,,,,,,,,,,,6,0,2,0,150,,,,,,,,,
Allard,,52,18,,27-Aug,4,2021,,,,,,,,,,,,,,,,,,,,,,,,,,,7,0,2.333333333,0,150,,,,,,,,,
Allard,,54,17,,27-Aug,4,2021,,,,,,,,,,,,,,,,,,,,,,,,,,,33,0,11,0,145,,,,,,,,,
Martin,,29,21G,,9/26/21,5,2021,,,,,,,,,,,,,,,,,,,,,,,,,,,2,1,0.666666667,50000,,185,,,,,,,,
Martin,,31,22G,,9/26/21,5,2021,,,,,,,,,,,,,,,,,,,,,,,,,,,17,5,5.666666667,250000,,155,,,,,,,,
Martin,,26,16G,,9/26/21,5,2021,,,,,,,,,,,,DWV 9/26,,,,,,,,,,,,,,,15,1,5,50000,,170,,,,,,,,
Martin,,21,14G,,9/26/21,5,2021,,,,,,,,,,,,DWV 9/26,,,,,,,,,,,,,,,19,0,6.333333333,0,,155,,,,,,,,
Martin,,23,02G,,9/26/21,5,2021,,,,,,,,,,,,,,,,,,,,,,,,,,,NA,NA,NA,NA,,140,,,,removed from study- too aggressive ,,,,
Martin,,24,25G,,9/26/21,5,2021,,,,,,,,,,,,,,,,,,,,,,,,,,,5,0,1.666666667,0,,195,,,,,,,,
Martin,,22,14GA,,9/26/21,5,2021,,,,,,,,,,,,"PMS, DWV 9/26",,,,,,,,,,,,,,,32,18,10.66666667,900000,,160,,,,,,,,
Martin,,32,18G,,9/26/21,5,2021,,,,,,,,,,,,"PMS, DWV 9/26",,,,,,,,,,,,,,,13,0,4.333333333,0,,160,,,,,,,,
Martin,,28,27G,,9/26/21,5,2021,,,,,,,,,,,,,,,,,,,,,,,,,,,10,0,3.333333333,0,,120,,,,,,,,
Martin,,25,26G,,9/26/21,5,2021,,,,,,,,,,,,DWV 9/26,,,,,,,,,,,,,,,10,0,3.333333333,0,,170,,,,,,,,
Martin,,30,19G,,9/26/21,5,2021,,,,,,,,,,,,PMS 9/26,,,,,,,,,,,,,,,16,0,5.333333333,0,,140,,,,,,,,
Martin,,33,08G,,9/26/21,5,2021,,,,,,,,,,,,,,,,,,,,,,,,,,,53,0,17.66666667,0,,180,,,,,,,,
Martin,,27,11,,9/26/21,5,2021,,,,,,,,,,,,DWV 9/26,,,,,,,,,,,,,,,11,NA,3.666666667,NA,,NA,,,,removed from study- DEAD,,,,
Fortin,,80,2,,9/28/21,5,2021,,,,,,,,,,,,,,,,,,,,,,,,,,,12,1,4,50000,,75,,,,,,,,
Fortin,,75,4,,9/28/21,5,2021,,,,,,,,,,,,,,,,,,,,,,,,,,,14,0,4.666666667,0,,110,,,,,,,,
Fortin,,73,9,,9/28/21,5,2021,,,,,,,,,,,,,,,,,,,,,,,,,,,64,0,21.33333333,0,,155,,,,,,,,
Fortin,,74,6,,9/28/21,5,2021,,,,,,,,,,,,,,,,,,,,,,,,,,,4,3,1.333333333,150000,,100,,,,,,,,
Fortin,,81,10,,9/28/21,5,2021,,,,,,,,,,,,,,,,,,,,,,,,,,,10,7,3.333333333,350000,,145,,,,,,,,
Fortin,,76,20,,9/28/21,5,2021,,,,,,,,,,,,"PMS, DWV 9/28",,,,,,,,,,,,,,,90,0,30,0,,120,,,,removed from study- DEAD 11/3,,,,
Fortin,,78,21,,9/28/21,5,2021,,,,,,,,,,,,,,,,,,,,,,,,,,,2,0,0.666666667,0,,115,,,,,,,,
Fortin,,79,22,,9/28/21,5,2021,,,,,,,,,,,,,,,,,,,,,,,,,,,8,0,2.666666667,0,,140,,,,,,,,
Fortin,,77,19,,9/28/21,5,2021,,,,,,,,,,,,PMS 9/28,,,,,,,,,,,,,,,98,0,32.66666667,0,,105,,,,removed from study- DEAD 11/3,,,,
Fortin,,82,25,,9/28/21,5,2021,,,,,,,,,,,,,,,,,,,,,,,,,,,79,2,26.33333333,100000,,110,,,,,,,,
Fortin,,83,16,,9/28/21,5,2021,,,,,,,,,,,,,,,,,,,,,,,,,,,5,1,1.666666667,50000,,95,,,,,,,,
Ferland,,68,3,,9/28/21,5,2021,,,,,,,,,,,,,,,,,,,,,,,,,,,9,0,3,0,,110,,,,,,,,
Ferland,,67,1,,9/28/21,5,2021,,,,,,,,,,,,,,,,,,,,,,,,,,,15,0,5,0,,140,,,,,,,,
Ferland,,69,18,,9/28/21,5,2021,,,,,,,,,,,,,,,,,,,,,,,,,,,NA,NA,NA,NA,,95,,,,,,,,
Ferland,,70,22,,9/28/21,5,2021,,,,,,,,,,,,PMS 9/28,,,,,,,,,,,,,,,23,0,7.666666667,0,,120,,,,,,,,
Ferland,,71,21,,9/28/21,5,2021,,,,,,,,,,,,DWV 9/28,,,,,,,,,,,,,,,25,8,8.333333333,400000,,170,,,,,,,,
Ferland,,72,20,,9/28/21,5,2021,,,,,,,,,,,,,,,,,,,,,,,,,,,12,0,4,0,,160,,,,,,,,
Brigham,,35,1,,9/26/21,5,2021,,,,,,,,,,,,,,,,,,,,,,,,,,,1,0,0.333333333,0,,155,,,,,,,,
Brigham,,38,7,,9/26/21,5,2021,,,,,,,,,,,,,,,,,,,,,,,,,,,4,0,1.333333333,0,,145,,,,,,,,
Brigham,,36,4,,9/26/21,5,2021,,,,,,,,,,,,,,,,,,,,,,,,,,,NA,NA,NA,NA,,NA,,,,removed from study- QL 9/26,,,,
Brigham,,39,13,,9/26/21,5,2021,,,,,,,,,,,,,,,,,,,,,,,,,,,NA,NA,NA,NA,,155,,,,removed from study- QL 9/26,,,,
Brigham,,41,6,,9/26/21,5,2021,,,,,,,,,,,,,,,,,,,,,,,,,,,2,5,0.666666667,250000,,,,,,,,,,
Brigham,,40,11,,9/26/21,5,2021,,,,,,,,,,,,,,,,,,,,,,,,,,,7,0,2.333333333,0,,155,,,,,,,,
Brigham,,34,2,,9/26/21,5,2021,,,,,,,,,,,,,,,,,,,,,,,,,,,NA,NA,NA,NA,,NA,,,,,,,,
Brigham,,37,5,,9/26/21,5,2021,,,,,,,,,,,,,,,,,,,,,,,,,,,7,0,2.333333333,0,,155,,,,,,,,
Camisa,,46,13,,9/26/21,5,2021,,,,,,,,,,,,,,,,,,,,,,,,,,,20,0,6.666666667,0,,180,,,,,,,,
Camisa,,43,10,,9/26/21,5,2021,,,,,,,,,,,,,,,,,,,,,,,,,,,6,0,2,0,,165,,,,,,,,
Camisa,,44,5,,9/26/21,5,2021,,,,,,,,,,,,,,,,,,,,,,,,,,,6,0,2,0,,145,,,,,,,,
Camisa,,42,11,,9/26/21,5,2021,,,,,,,,,,,,,,,,,,,,,,,,,,,17,0,5.666666667,0,,170,,,,,,,,
Camisa,,48,19,,9/26/21,5,2021,,,,,,,,,,,,,,,,,,,,,,,,,,,10,0,3.333333333,0,,155,,,,,,,,
Camisa,,45,16,,9/26/21,5,2021,,,,,,,,,,,,,,,,,,,,,,,,,,,22,1,7.333333333,50000,,145,,,,,,,,
Camisa,,47,14,,9/26/21,5,2021,,,,,,,,,,,,,,,,,,,,,,,,,,,10,0,3.333333333,0,,160,,,,,,,,
Yandow,,59,2,,9/28/21,5,2021,,,,,,,,,,,,,,,,,,,,,,,,,,,7,0,2.333333333,0,,105,,,,,,,,
Yandow,,60,9,,9/28/21,5,2021,,,,,,,,,,,,,,,,,,,,,,,,,,,14,0,4.666666667,0,,105,,,,,,,,
Yandow,,61,UVM1,,9/28/21,5,2021,,,,,,,,,,,,,,,,,,,,,,,,,,,3,0,1,0,,120,,,,,,,,
Yandow,,62,UVM2,,9/28/21,5,2021,,,,,,,,,,,,,,,,,,,,,,,,,,,15,0,5,0,,125,,,,,,,,
Yandow,,63,UVM3,,9/28/21,5,2021,,,,,,,,,,,,,,,,,,,,,,,,,,,6,0,2,0,,165,,,,,,,,
Yandow,,64,UVM4,,9/28/21,5,2021,,,,,,,,,,,,,,,,,,,,,,,,,,,12,0,4,0,,115,,,,,,,,
Yandow,,65,24,,9/28/21,5,2021,,,,,,,,,,,,,,,,,,,,,,,,,,,22,0,7.333333333,0,,110,,,,,,,,
Yandow,,66,UVM5,,9/28/21,5,2021,,,,,,,,,,,,,,,,,,,,,,,,,,,17,4,5.666666667,200000,,145,,,,,,,,
Allard,,56,25,,9/26/21,5,2021,,,,,,,,,,,,,,,,,,,,,,,,,,,2,0,0.666666667,0,,160,,,,,,,,
Allard,,49,14,,9/26/21,5,2021,,,,,,,,,,,,,,,,,,,,,,,,,,,4,0,1.333333333,0,,140,,,,,,,,
Allard,,55,20,,9/26/21,5,2021,,,,,,,,,,,,,,,,,,,,,,,,,,,21,0,7,0,,150,,,,,,,,
Allard,,58,7,,9/26/21,5,2021,,,,,,,,,,,,,,,,,,,,,,,,,,,4,0,1.333333333,0,,150,,,,,,,,
Allard,,50,8,,9/26/21,5,2021,,,,,,,,,,,,,,,,,,,,,,,,,,,NA,NA,NA,NA,,NA,,,,"removed from study- mite infested, small cluster 9/26",,,,
Allard,,53,15,,9/26/21,5,2021,,,,,,,,,,,,,,,,,,,,,,,,,,,11,0,3.666666667,0,,120,,,,,,,,
Allard,,57,9,,9/26/21,5,2021,,,,,,,,,,,,,,,,,,,,,,,,,,,11,0,3.666666667,0,,110,,,,,,,,
Allard,,51,16,,9/26/21,5,2021,,,,,,,,,,,,,,,,,,,,,,,,,,,2,1,0.666666667,50000,,165,,,,,,,,
Allard,,52,18,,9/26/21,5,2021,,,,,,,,,,,,,,,,,,,,,,,,,,,3,0,1,0,,145,,,,,,,,
Allard,,54,17,,9/26/21,5,2021,,,,,,,,,,,,,,,,,,,,,,,,,,,NA,NA,NA,NA,,NA,,,,removed from study- dead 9/26,,,,
Martin,,29,,,,6,2022,,,dead,,,,,,,,,,,,,,,,,,,,,,20220214,,,,0,0,,,,,x,,,,,
Martin,,31,,,,6,2022,,,dead,,,,,,,,,,,,,,,,,,,,,,20220225,,,,0,0,,,,,x,,,,,
Martin,,26,,,,6,2022,,,dead,,,,,,,,,,,,,,,,,,,,,,20220226,,,,0,0,,,,,x,,,,,
Martin,,21,,,,6,2022,,,dead,,,,,,,,,,,,,,,,,,,,,,20220212,,,,0,0,,,,,x,,,,,
Martin,,23,,,,6,2022,,,dead,,,,,,,,,,,,,,,,,,,,,,na,,,,0,0,,,,,x,,,,,
Martin,,24,,,,6,2022,,,dead,,,,,,,,,,,,,,,,,,,,,,20220218,,,,0,0,,,,,x,,,,,
Martin,,22,,,,6,2022,,,dead,,,,,,,,,,,,,,,,,,,,,,20220218,,,,0,0,,,,,x,,,,,
Martin,,32,,,,6,2022,,,dead,,,,,,,,,,,,,,,,,,,,,,20220212,,,,0,0,,,,,x,,,,,
Martin,,28,,,,6,2022,,,dead,,,,,,,,,,,,,,,,,,,,,,20220214,,,,0,0,,,,,x,,,,,
Martin,,25,,,,6,2022,,,dead,,,,,,,,,,,,,,,,,,,,,,20220225,,,,0,0,,,,,x,,,,,
Martin,,30,,,,6,2022,,,dead,,,,,,,,,,,,,,,,,,,,,,20220225,,,,0,0,,,,,x,,,,,
Martin,,33,,,,6,2022,,,dead,,,,,,,,,,,,,,,,,,,,,,20220226,,,,0,0,,,,,x,,,,,
Martin,,27,,,,6,2022,,,dead,,,,,,,,,,,,,,,,,,,,,,20220226,,,,0,0,,,,,x,,,,,
Fortin,,80,,,,6,2022,,,alive,,12,4/22/02,,,,,,,,,,,,,,,,,,,20220311,,0,240,0,12000000,,,,,x,,,,,
Fortin,,75,,,,6,2022,,,alive,,11,4/22/02,,,,,,,,,,,,,,,,,,,20220312,,1,323,0.333333333,16150000,,,,,x,,,,,
Fortin,,73,,,,6,2022,,,dead,,,,,,,,,,,,,,,,,,,,,,20220312,,,,0,0,,,,,x,,,,,
Fortin,,74,,,5/1/22,6,2022,,,alive,,6,4/22/02,,,,,,,,,,,,,,,,,,,20220309,,0,178,0,8900000,,,,,x,,,,,
Fortin,,81,,,5/1/22,6,2022,,,alive,,7,4/22/02,,,,,,,,,,,,,,,,,,,20220311,,0,297,0,14850000,,,,,x,,,,,
Fortin,,76,,,,6,2022,,,dead,,,,,,,,,,,,,,,,,,,,,,20220311,,,,0,0,,,,,x,,,,,
Fortin,,78,,,,6,2022,,,alive,,7,4/22/02,,,,,,,,,,,,,,,,,,,20220309,,0,87,0,4350000,,,,,x,,,,,
Fortin,,79,,,,6,2022,,,alive,,10,4/22/02,,,,,,,,,,,,,,,,,,,20220311,,0,77,0,3850000,,,,,x,,,,,
Fortin,,77,,,,6,2022,,,dead,,,,,,,,,,,,,,,,,,,,,,20220312,,,,0,0,,,,,x,,,,,
Fortin,,82,,,,6,2022,,,dead,,,,,,,,,,,,,,,,,,,,,,20220311,,,,0,0,,,,,x,,,,,
Fortin,,83,,,5/1/22,6,2022,,,alive,,14,4/22/02,,,,,,,,,,,,,,,,,,,20220311,,0,37,0,1850000,,,,,x,,,,,
Ferland,,68,,,,6,2022,,,alive,,16,4/22/02,,,,,,,,,,,,,,,,,,,20220312,,0,117,0,5850000,,,,,x,,,,,
Ferland,,67,,,,6,2022,,,dead,,,,,,,,,,,,,,,,,,,,,,20220312,,,,0,0,,,,,x,,,,,
Ferland,,69,,,,6,2022,,,dead,,,,,,,,,,,,,,,,,,,,,,na,,,,0,0,,,,,x,,,,,
Ferland,,70,,,,6,2022,,,dead,,,,,,,,,,,,,,,,,,,,,,20220312,,,,0,0,,,,,x,,,,,
Ferland,,71,,,,6,2022,,,alive,,6,4/22/02,,,,,,,,,,,,,,,,,,,20220312,,0,243,0,12150000,,,,,x,,,,,
Ferland,,72,,,,6,2022,,,alive,,7,4/22/02,,,,,,,,,,,,,,,,,,,20220312,,0,314,0,15700000,,,,,x,,,,,
Brigham,,35,,,5/7/22,6,2022,,,alive,,9,4/22/02,,,,,,,,,,,,,,,,,,,20220212,,7,352,2.333333333,17600000,,,,,x,,,,,
Brigham,,38,,,5/7/22,6,2022,,,alive,,10,4/22/02,,,,,,,,,,,,,,,,,,,20220226,,2,180,0.666666667,9000000,,,,,x,,,,,
Brigham,,36,,,,6,2022,,,dead,,,,,,,,,,,,,,,,,,,,,,20220212,,,,0,0,,,,,x,,,,,
Brigham,,39,,,,6,2022,,,dead,,,,,,,,,,,,,,,,,,,,,,20220214,,,,0,0,,,,,x,,,,,
Brigham,,41,,,5/7/22,6,2022,,,alive,,12,4/22/02,,,,,,,,,,,,,,,,,,,20220214,,8,161,2.666666667,8050000,,,,,x,,,,,
Brigham,,40,,,5/7/22,6,2022,,,alive,,16,4/22/02,,,,,,,,,,,,,,,,,,,20220212,,13,93,4.333333333,4650000,,,,,x,,,,,
Brigham,,34,,,,6,2022,,,dead? no record,,,,,,,,,,,,,,,,,,,,,,20220218,,,,0,0,,,,,x,,,,,
Brigham,,37,,,5/7/22,6,2022,,,alive,,10,4/22/02,,,,,,,,,,,,,,,,,,,20220226,,1,95,0.333333333,4750000,,,,,x,,,,,
Camisa,,46,,,5/7/22,6,2022,,,alive,,16,5/2/22,,,,,,,,,,,,,,,,,,,20220226,,0,13,0,650000,,,,,x,,,,,
Camisa,,43,,,5/7/22,6,2022,,,alive,,15,5/2/22,,,,,,,,,,,,,,,,,,,20220225,,1,134,0.333333333,6700000,,,,,x,,,,,
Camisa,,44,,,5/7/22,6,2022,,,alive,,17,5/2/22,,,,,,,,,,,,,,,,,,,20220218,,2,4,0.666666667,200000,,,,,x,,,,,
Camisa,,42,,,,6,2022,,,alive,,13,5/2/22,,,,,,,,,,,,,,,,,,,20220218,,0,275,0,13750000,,,,,x,,,,,
Camisa,,48,,,5/7/22,6,2022,,,alive,,22,5/2/22,,,,,,,,,,,,,,,,,,,20220218,,1,16,0.333333333,800000,,,,,x,,,,,
Camisa,,45,,,5/7/22,6,2022,,,alive,,12,5/2/22,,,,,,,,,,,,,,,,,,,20220214,,1,118,0.333333333,5900000,,,,,x,,,,,
Camisa,,47,,,5/7/22,6,2022,,,alive,,17,5/2/22,,,,,,,,,,,,,,,,,,,20220225,,0,35,0,1750000,,,,,x,,,,,
Yandow,,59,,,,6,2022,,,dead,,,,,,,,,,,,,,,,,,,,,,20220226,,,,0,0,,,,,x,,,,,
Yandow,,60,,,5/7/22,6,2022,,,alive,,12,5/2/22,,,,,,,,,,,,,,,,,,,20220218,,0,87,0,4350000,,,,,x,,,,,
Yandow,,61,,,5/7/22,6,2022,,,alive,,14,5/2/22,,,,,,,,,,,,,,,,,,,20220218,,0,1,0,50000,,,,,x,,,,,
Yandow,,62,,,5/7/22,6,2022,,,alive,,15,5/2/22,,,,,,,,,,,,,,,,,,,20220226,,18,3,6,150000,,,,,x,,,,,
Yandow,,63,,,5/7/22,6,2022,,,alive,,20,5/2/22,,,,,,,,,,,,,,,,,,,20220218,,0,0,0,0,,,,,x,,,,,
Yandow,,64,,,5/7/22,6,2022,,,alive,,14,5/2/22,,,,,,,,,,,,,,,,,,,20220225,,1,1,0.333333333,50000,,,,,x,,,,,
Yandow,,65,,,,6,2022,,,dead,,,,,,,,,,,,,,,,,,,,,,20220225,,,,0,0,,,,,x,,,,,
Yandow,,66,,,5/7/22,6,2022,,,alive,,12,5/2/22,,,,,,,,,,,,,,,,,,,20220226,,1,7,0.333333333,350000,,,,,x,,,,,
Allard,,56,,,5/1/22,6,2022,,,alive,,Sticker on front - 8,5/2/22,,,,,,,,,,,,,,,,,,,20220309,,3,0,1,0,,,,,x,,,,,
Allard,,49,,,,6,2022,,,dead,,,,,,,,,,,,,,,,,,,,,,20220309,,,,0,0,,,,,x,,,,,
Allard,,55,,,,6,2022,,,dead,,,,,,,,,,,,,,,,,,,,,,20220309,,,,0,0,,,,,x,,,,,
Allard,,58,,,,6,2022,,,dead,,,,,,,,,,,,,,,,,,,,,,na,,,,0,0,,,,,x,,,,,
Allard,,50,,,,6,2022,,,dead,,,,,,,,,,,,,,,,,,,,,,20220311,,,,0,0,,,,,x,,,,,
Allard,,53,,,,6,2022,,,dead,,,,,,,,,,,,,,,,,,,,,,20220309,,,,0,0,,,,,x,,,,,
Allard,,57,,,,6,2022,,,dead,,,,,,,,,,,,,,,,,,,,,,20220309,,,,0,0,,,,,x,,,,,
Allard,,51,,,5/1/22,6,2022,,,alive,,20,5/2/22,,,,,,,,,,,,,,,,,,,20220311,,2,5,0.666666667,250000,,,,,x,,,,,
Allard,,52,,,,6,2022,,,dead,,,,,,,,,,,,,,,,,,,,,,20220309,,,,0,0,,,,,x,,,,,
Allard,,54,,,,6,2022,,,dead,,,,,,,,,,,,,,,,,,,,,,20220309,,,,0,0,,,,,x,,,,,