PESTICIDE INFORMATION,,,,,,ORAL acute LD50,,,,,,,,,,,,,,CONTACT acute LD50,,,,,,,,,,,
Pesticide name,Other pesticide names (disambiguity),CAS #,Pesticide type,MoA-short version,MoA-Classification-site target,LD50 Oral Geometric mean (ug/bee),Source (N),Min (ug/bee),Q1 (25%),"Q2 (50%, Median)",Q3 (75%),Max (ug/bee),Range (max-min) (ug/bee),Source (name),LD50 1,LD50 2,LD50 3,LD50 4,LD50 5,LD50 Contact Geometric mean (ug/bee),Source (N),Min (ug/bee),Q1 (25%),"Q2 (50%, Median)",Q3 (75%),Max (ug/bee),Range (max-min) (ug/bee),Source (name),LD50 1,LD50 2,LD50 3
1-Naphthol,1-hydroxynaphthalene or Carbaryl metabolite,90-15-3,Insecticide,NA,NA,,,,,,,,,,,,,,,,,,,,,,,,,,
"2,4 Dimethylaniline", ,95-68-1,Insecticide,NA,NA,,,,,,,,,,,,,,,,,,,,,,,,,,
"2,4-dichlorophenoxyacetic acid","2,4 PA or 2,4-D or aqualin or hedonal",94-75-7,Herbicide,HRAC O4,HRAC O4,94,1,94,94,94,94,94,0,PPDB,94,,,,,100,1,100,100,100,100,100,0,PPDB,100,,
"2,4,5-trichlorophenoxyacetic acid","2,4,5-T or trioxone or 2,4,5-T acid",93-76-5,Herbicide,NA,NA,,,,,,,,,,,,,,,,,,,,,,,,,,
"2,6-Dichlorobenzamide",Fluopicolide-M01 or BAM,2008-58-4,NA,NA,NA,,,,,,,,,,,,,,,,,,,,,,,,,,
3-Hydroxycarbofuran,3-OH-carbofuran,16655-82-6,Insecticide,NA,NA,,,,,,,,,,,,,,,,,,,,,,,,,,
4-Aminopyridine,4-AP or gamma-aminopyridine or amino-4-pyridine or fampridine,504-24-5,Varroacide,NA,NA,,,,,,,,,,,,,,,,,,,,,,,,,,
4-Hydroxychlorothalonil, ,28343-61-5,Fungicide,NA,NA,,,,,,,,,,,,,,,,,,,,,,,,,,
"4,4 Dibromobenzophenone", ,3988-03-2.,Varroacide,NA,NA,,,,,,,,,,,,,,,,,,,,,,,,,,
Abamectin,,71751-41-2,Insecticide,IRAC 6,IRAC 6,,0,,,,,,0,PPDB,0.011,,,,,0.0022,1,0.0022,0.0022,0.0022,0.0022,0.0022,0,OpenFoodTox,0.0022,,
Acephate,Orthene,30560-19-1 ,Insecticide,IRAC 1,IRAC 1B,,0,,,,,,0,PPDB,0.23,,,,,1.78,1,1.78,1.78,1.78,1.78,1.78,0,PPDB,1.78,,
Acequinocyl,Kanemite,57960-19-7,Varroacide,IRAC 20,IRAC 20B,100,3,100,100,100,100,100,0,PPDB|OpenFoodTox|OpenFoodTox,100,100,100,,,100,1,100,100,100,100,100,0,PPDB,100,,
Acetamiprid,Ethanimidamide,135410-20-7,Insecticide,IRAC 4,IRAC 4A,14.53,1,14.53,14.53,14.53,14.53,14.53,0,PPDB,14.53,,,,,8.09,1,8.09,8.09,8.09,8.09,8.09,0,PPDB,8.09,,
Acetochlor,,34256-82-1,Herbicide,HRAC K3,HRAC K3,100,2,100,100,100,100,100,0,PPDB|OpenFoodTox,100,100,,,,200,1,200,200,200,200,200,0,PPDB,200,,
Acrinathrin,,101007-06-1,Varroacide,IRAC 3,IRAC 3A,0.077,1,0.077,0.077,0.077,0.077,0.077,0,PPDB,0.077,,,,,0.084,1,0.084,0.084,0.084,0.084,0.084,0,PPDB,0.084,,
Alachlor,Acetanilide or methachlor or metachlor or CDMA,15972-60-8,Herbicide,HRAC K3,HRAC K3,,,,,,,,,,,,,,,16,1,16,16,16,16,16,0,PPDB,16,,
Aldicarb,Carbamic acid or carbamyl,116-06-3,Insecticide,IRAC 1,IRAC 1A,,0,,,,,,0,PPDB,0.16,,,,,0.28,1,0.28,0.28,0.28,0.28,0.28,0,PPDB,0.28,,
Aldicarb sulfone,Aldoxycarb or aldoxycarbe or sulfocarb or aldicarb sulfure,1646-88-4,Insecticide,IRAC 1,IRAC 1A,,,,,,,,,,,,,,,50,1,50,50,50,50,50,0,PPDB,50,,
Aldicarb sulfoxide,,1646-87-3,Insecticide,IRAC 1,IRAC 1A,,,,,,,,,,,,,,,,,,,,,,,,,,
Aldrin,HHDN or octalene ,309-00-2 ,Insecticide,IRAC 2,IRAC 2A,0.35,1,0.35,0.35,0.35,0.35,0.35,0,PPDB,0.35,,,,,,,,,,,,,,,,
Allethrin,S-bioallethrin or toluen-disocianato or esdepallethrine or d-allethrolone chrysanthemumate,584-79-2,Insecticide,IRAC 3,IRAC 3A,,,,,,,,,,,,,,,,0,,,,,,0,PPDB,3.4,,
Alpha-benzenehexachloride,Alpha-HCH or alpha-BHC or alpha-lindane,319-84-6,NA,NA,NA,,,,,,,,,,,,,,,,,,,,,,,,,,
Alpha-cypermethrin,Alphamethrin,67375-30-8,Insecticide,IRAC 3,IRAC 3,0.059,1,0.059,0.059,0.059,0.059,0.059,0,PPDB,0.059,,,,,0.033,1,0.033,0.033,0.033,0.033,0.033,0,PPDB,0.033,,
Alpha-endosulfan,Endosulfan I,959-98-8,Insecticide,IRAC 2,IRAC 2A,,,,,,,,,,,,,,,7.81,1,7.81,7.81,7.81,7.81,7.81,0,PPDB,7.81,,
Ametoctradin,,865318-97-4,Fungicide,FRAC C,FRAC 45 (C8),111.5,1,111.5,111.5,111.5,111.5,111.5,0,PPDB,111.5,,,,,100,1,100,100,100,100,100,0,PPDB,100,,
Amicarbazone,,129909-90-6,Herbicide,HRAC C1,HRAC C1,,0,,,,,,0,PPDB,24.4,,,,,,,,,,,,,,,,
Amitraz,,33089-61-1,Varroacide,IRAC 19,IRAC 19,,,,,,,,,,,,,,,50,1,50,50,50,50,50,0,PPDB,50,,
Arsenic acid,,7774-41-6,Insecticide,NA,NA,,,,,,,,,,,,,,,,,,,,,,,,,,
Atrazine,Aneldazin,1912-24-9,Herbicide,HRAC C1,HRAC C1,100,1,100,100,100,100,100,0,PPDB,100,,,,,100,1,100,100,100,100,100,0,PPDB,100,,
Atrazine CEAT,,NA,Herbicide,HRAC C1,HRAC C1,,,,,,,,,,,,,,,,,,,,,,,,,,
Atrazine CIAT,,NA,Herbicide,HRAC C1,HRAC C1,,,,,,,,,,,,,,,,,,,,,,,,,,
Atrazine-desethyl,Desethylatrazine or desethyl-s-triazine or desisopropyl propazine or 4-deethylatrazine,6190-65-4,Herbicide,HRAC C1,HRAC C1,,,,,,,,,,,,,,,,,,,,,,,,,,
Atrazine-desisopropyl,Desisopropylatrazine or Desethyl simazine  ,1007-28-9,Herbicide,HRAC C1,HRAC C1,,,,,,,,,,,,,,,,,,,,,,,,,,
Azadirachtin,,11141-17-6,Insecticide,IRAC UN*,IRAC UN*,,,,,,,,,,,,,,,,,,,,,,,,,,
Azinphos-ethyl,Azinphosethyl or triazotion or azinphos ethyl or ethyl gusathion,2642-71-9,Insecticide,IRAC 1,IRAC 1B,,,,,,,,,,,,,,,,0,,,,,,0,PPDB,1.39,,
Azinphos-methyl,Azinphosmethyl or metiltriazotion or cotnion methyl or gusathion methyl,86-50-0,Insecticide,IRAC 1,IRAC 1B,0.15,1,0.15,0.15,0.15,0.15,0.15,0,Ecotox,0.15,,,,,0.42,1,0.42,0.42,0.42,0.42,0.42,0,PPDB,0.42,,
Azocyclotin,Tricyclotin,41083-11-8,Varroacide,IRAC 12,IRAC 12B,,,,,,,,,,,,,,,,,,,,,,,,,,
Azoxystrobin,,131860-33-8,Fungicide,FRAC C,FRAC 11 (C3),,0,,,,,,0,PPDB,25,,,,,200,1,200,200,200,200,200,0,PPDB,200,,
Benalaxyl,,71626-11-4,Fungicide,FRAC A,FRAC 4 (A1),22.6,1,22.6,22.6,22.6,22.6,22.6,0,PPDB,22.6,,,,,100,1,100,100,100,100,100,0,PPDB,100,,
Bendiocarb,Bencarbate,22781-23-3,Insecticide,IRAC 1,IRAC 1A,,0,,,,,,0,PPDB,0.1,,,,,,,,,,,,,,,,
Benfluralin,Bethrodine or benfuraline or benefin or benthrodine ,1861-40-1,Herbicide,HRAC K1,HRAC K1,110.7,1,110.7,110.7,110.7,110.7,110.7,0,PPDB,110.7,,,,,100,1,100,100,100,100,100,0,PPDB,100,,
Benoxacor,,98730-04-2,NA,NA,NA,100,1,100,100,100,100,100,0,PPDB,100,,,,,,,,,,,,,,,,
Bensulide,Benzulfide,741-58-2,Herbicide,HRAC N,HRAC N,,,,,,,,,,,,,,,24,1,24,24,24,24,24,0,PPDB,24,,
Bentazone,Bendioxide,25057-89-0,Herbicide,HRAC C3,HRAC C3,200,1,200,200,200,200,200,0,PPDB,200,,,,,200,1,200,200,200,200,200,0,PPDB,200,,
Beta-benzenehexachloride,Beta-BHC,319-85-7,NA,NA,NA,,,,,,,,,,,,,,,,,,,,,,,,,,
Beta-endosulfan,Endosulfan II,33213-65-9,Insecticide,IRAC 2,IRAC 2A,,,,,,,,,,,,,,,,,,,,,,,,,,
BHC-alpha,alpha-hexachlorocyclohexane or alpha-HCH,319-84-6,Insecticide,NA,NA,,,,,,,,,,,,,,,,,,,,,,,,,,
BHC-beta,,319-85-7,Insecticide,NA,NA,,,,,,,,,,,,,,,,,,,,,,,,,,
BHC-delta,,319-86-8,Insecticide,NA,NA,,,,,,,,,,,,,,,,,,,,,,,,,,
Bifenazate,,149877-41-8,Varroacide,IRAC 20,IRAC 20D,100,1,100,100,100,100,100,0,OpenFoodTox,100,,,,,8.5,1,8.5,8.5,8.5,8.5,8.5,0,OpenFoodTox,8.5,,
Bifenthrin,Biphenate,82657-04-3,Varroacide,IRAC 3,IRAC 3A,0.1,3,0.1,0.1,0.1,0.1,0.1,0,PPDB|OpenFoodTox|OpenFoodTox,0.1,0.1,0.1,,,0.015,1,0.015,0.015,0.015,0.015,0.015,0,PPDB,0.015,,
Bitertanol,Biloxazol or Baycor,55179-31-2,Fungicide,FRAC G,FRAC 3 (G1),104.4,2,104.4,104.4,104.4,104.4,104.4,0,PPDB|OpenFoodTox,104.4,104.4,,,,200,1,200,200,200,200,200,0,PPDB,200,,
Boric Acid,Hydrogen borate or boracic acid or orthoboric acid or acidium boricum or sassolite,10043-35-3,Insecticide,NA,NA,,,,,,,,,,,,,,,,0,,,,,,0,PPDB,362,,
Boscalid,Nicobifen,188425-85-6,Fungicide,FRAC C,FRAC 7 (C2),100,1,100,100,100,100,100,0,PPDB,100,,,,,200,1,200,200,200,200,200,0,PPDB,200,,
Bromacil,Borocil,314-40-9,Herbicide,HRAC C1,HRAC C1,,,,,,,,,,,,,,,,,,,,,,,,,,
Bromopropylate,Phenisobromolate,18181-80-1,Varroacide,IRAC UN*,IRAC UN*,,,,,,,,,,,,,,,,,,,,,,,,,,
Bromuconazole,,116255-48-2,Fungicide,FRAC G,FRAC 3 (G1),100,3,100,100,100,100,100,0,PPDB|OpenFoodTox|OpenFoodTox,100,100,100,,,500,1,500,500,500,500,500,0,PPDB,500,,
Bupirimate,,41483-43-6,Fungicide,FRAC A,FRAC 8 (A2),200,1,200,200,200,200,200,0,PPDB,200,,,,,,0,,,,,,0,PPDB,50,,
Buprofezin,,69327-76-0,Insecticide,IRAC 16,IRAC 16,163.5,3,163.5,163.5,163.5,163.5,163.5,0,PPDB|OpenFoodTox|OpenFoodTox,163.5,163.5,163.5,,,200,1,200,200,200,200,200,0,PPDB,200,,
Butyric acid,,107-92-6,Fungicide,NA,NA,,,,,,,,,,,,,,,,,,,,,,,,,,
Cadmium,,7440-43-9,NA,NA,NA,,,,,,,,,,,,,,,,,,,,,,,,,,
Captan,,133-06-2,Fungicide,FRAC M,FRAC M04,100,2,100,100,100,100,100,0,PPDB|OpenFoodTox,100,100,,,,200,1,200,200,200,200,200,0,PPDB,200,,
Carbamazepine,,298-46-4,NA,NA,NA,,,,,,,,,,,,,,,,,,,,,,,,,,
Carbaryl,Sevin,63-25-2,Insecticide,IRAC 1,IRAC 1A,0.21,1,0.21,0.21,0.21,0.21,0.21,0,PPDB,0.21,,,,,0.14,1,0.14,0.14,0.14,0.14,0.14,0,PPDB,0.14,,
Carbendazim,MBC or carbendazol ,10605-21-7,Fungicide,FRAC B,FRAC 1 (B1),756,1,756,756,756,756,756,0,PPDB,756,,,,,,0,,,,,,0,PPDB,50,,
Carbofuran,,1563-66-2,Insecticide,IRAC 1,IRAC 1A,0.05,1,0.05,0.05,0.05,0.05,0.05,0,PPDB,0.05,,,,,0.036,1,0.036,0.036,0.036,0.036,0.036,0,PPDB,0.036,,
Carbofuran 3-keto,3-oxocarbofuran or carbofuran 3-keto,16709-30,Insecticide,NA,NA,,,,,,,,,,,,,,,,,,,,,,,,,,
Carbofuran-3-hydroxy,3-hydroxycarbofuran or 3-OH-carbofuran,16655-82-6,Insecticide,NA,NA,,,,,,,,,,,,,,,,,,,,,,,,,,
Carboxin,Carbathiin or vitavax,5234-68-4,Fungicide,FRAC C,FRAC 7 (C2),100,2,100,100,100,100,100,0,PPDB|OpenFoodTox,100,100,,,,100,1,100,100,100,100,100,0,PPDB,100,,
Carfentrazone-ethyl, ,128639-02-1,Herbicide,HRAC E,HRAC E,200,1,200,200,200,200,200,0,PPDB,200,,,,,200,1,200,200,200,200,200,0,PPDB,200,,
Chlorantraniliprole,Rynaxypyr,500008-45-7,Insecticide,IRAC 28,IRAC 28,104.1,2,104.1,104.1,104.1,104.1,104.1,0,PPDB|OpenFoodTox,104.1,104.1,,,,,0,,,,,,0,PPDB,4,,
Chlorfenapyr,,122453-73-0,Insecticide,IRAC 13,IRAC 13,,,,,,,,,,,,,,,,,,,,,,,,,,
Chlorfenvinphos,,470-90-6,Insecticide,IRAC 1,IRAC 1B,0.55,1,0.55,0.55,0.55,0.55,0.55,0,PPDB,0.55,,,,,,,,,,,,,,,,
Chlorferone,,6174-86-3,Insecticide,NA,NA,,,,,,,,,,,,,,,,,,,,,,,,,,
Chlorfluazuron,,71422-67-8,Insecticide,IRAC 15,IRAC 15,,0,,,,,,0,PPDB,100,,,,,,,,,,,,,,,,
Chlormequatchlorid, ,999-81-5,Herbicide,NA,NA,,0,,,,,,0,PPDB,80.2,,,,,,0,,,,,,0,PPDB,65.2,,
Chlorothalonil,TPN or tetrachloroisophthalonitrile,1897-45-6,Fungicide,FRAC M,FRAC M05,,0,,,,,,0,PPDB,40,,,,,,0,,,,,,0,PPDB,40,,
Chlorothalonil-4-OH,Chlorothalonil-4-hydroxy,28343-61-5,Fungicide,NA,NA,,,,,,,,,,,,,,,,,,,,,,,,,,
Chlorpropham ,CIPC,101-21-3,Insecticide,HRAC K2,HRAC K2,,,,,,,,,,,,,,,96.1,1,96.1,96.1,96.1,96.1,96.1,0,PPDB,96.1,,
Chlorpyrifos,Chlorpyrifos-ethyl,2921-88-2,Insecticide,IRAC 1,IRAC 1B,0.25,1,0.25,0.25,0.25,0.25,0.25,0,PPDB,0.25,,,,,0.059,1,0.059,0.059,0.059,0.059,0.059,0,PPDB,0.059,,
Chlorpyrifos methyl, ,5598-13-0,Insecticide,IRAC 1,IRAC 1B,0.18,1,0.18,0.18,0.18,0.18,0.18,0,PPDB,0.18,,,,,0.15,1,0.15,0.15,0.15,0.15,0.15,0,PPDB,0.15,,
Chlorthal-dimethyl ,DCPA,1861-32-1,Herbicide,HRAC K1,HRAC K1,,0,,,,,,0,PPDB,100,,,,,,0,,,,,,0,PPDB,100,,
Cispermethrin,,54774-46-8,Insecticide,IRAC 3,IRAC 3,,,,,,,,,,,,,,,,,,,,,,,,,,
Clofentezine,Bisclofentazin,74115-24-5,Varroacide,IRAC 10,IRAC 10A,252.6,1,252.6,252.6,252.6,252.6,252.6,0,PPDB,252.6,,,,,,0,,,,,,0,PPDB,84.5,,
Clothianidin,Thiamethoxam metabolite,210880-92-5,Insecticide,IRAC 4,IRAC 4A,0.003858746,3,0.00379,0.00379,0.00379,0.003895,0.004,0.00021,PPDB|OpenFoodTox|OpenFoodTox,0.004,0.00379,0.00379,,,0.032164195,3,0.0275,0.0275,0.0275,0.03575,0.044,0.0165,PPDB| OpenFoodTox| OpenFoodTox,0.044,0.0275,0.0275
Coumaphos,,56-72-4,Varroacide,IRAC 1,IRAC 1B,,,,,,,,,,,,,,,,,,,,,,,,,,
Coumaphos oxon,,321-54-0,Varroacide,IRAC 1,IRAC 1B,,,,,,,,,,,,,,,,,,,,,,,,,,
Cyantraniliprole,,736994-63-1,Insecticide,IRAC 28,IRAC 28,,,,,,,,,,,,,,,,0,,,,,,0,PPDB,0.0934,,
Cyazofamid,,120116-88-3,Fungicide,FRAC C,FRAC 11 (C3),151.7,1,151.7,151.7,151.7,151.7,151.7,0,PPDB,151.7,,,,,100,1,100,100,100,100,100,0,PPDB,100,,
Cyflufenamid,,180409-60-3,Fungicide,FRAC U,FRAC U06 (U),100,1,100,100,100,100,100,0,PPDB,100,,,,,100,1,100,100,100,100,100,0,PPDB,100,,
Cyflumetofen,,400882-07-7,Insecticide,IRAC 25,IRAC 25A,116,1,116,116,116,116,116,0,PPDB,116,,,,,100,1,100,100,100,100,100,0,PPDB,100,,
Cyfluthrin,Cyfoxylate,68359-37-5,Insecticide,IRAC 3,IRAC 3A,0.05,1,0.05,0.05,0.05,0.05,0.05,0,PPDB,0.05,,,,,0.001,1,0.001,0.001,0.001,0.001,0.001,0,PPDB,0.001,,
Cyhalothrin,,68085-85-8,Insecticide,IRAC 3,IRAC 3A,0.027,1,0.027,0.027,0.027,0.027,0.027,0,PPDB,0.027,,,,,,,,,,,,,,,,
Cymiazol,Cymiazole hydrochloride or Xymiazole,61676-87-7,Varroacide,NA,NA,,,,,,,,,,,,,,,,,,,,,,,,,,
Cymoxanil,,57966-95-7,Fungicide,FRAC U,FRAC 27 (U),,0,,,,,,0,PPDB,85.3,,,,,100,1,100,100,100,100,100,0,PPDB,100,,
Cypermethrin,,52315-07-8,Insecticide,IRAC 3,IRAC 3A,0.172,1,0.172,0.172,0.172,0.172,0.172,0,PPDB,0.172,,,,,0.023,1,0.023,0.023,0.023,0.023,0.023,0,PPDB,0.023,,
Cyphenothrin,"D,D-T-cyphenothrin or d-cyphenothrin",39515-40-7,Insecticide,IRAC 3,IRAC 3A,,,,,,,,,,,,,,,,,,,,,,,,,,
Cyproconazole,,94361-06-5,Fungicide,FRAC G,FRAC 3 (G1),100,2,100,100,100,100,100,0,PPDB|OpenFoodTox,100,100,,,,100,1,100,100,100,100,100,0,PPDB,100,,
Cyprodinil,,121552-61-2,Fungicide,FRAC D,FRAC 9 (D1),112.5,1,112.5,112.5,112.5,112.5,112.5,0,PPDB,112.5,,,,,784,2,784,784,784,784,784,0,PPDB| OpenFoodTox,784,784,
Cyromazine,Cyclopropylmelamine or cyromazinum,66215-27-8,Insecticide,IRAC 17,IRAC 17,186,2,186,186,186,186,186,0,PPDB|OpenFoodTox,186,186,,,,200,1,200,200,200,200,200,0,PPDB,200,,
DDD pp',,72-54-8,Insecticide,IRAC 2,IRAC 2A,,,,,,,,,,,,,,,,,,,,,,,,,,
"DDE, p,p'",Dichlorodiphenyldichloroethylene or DDT dehydrochloride,72-55-9,NA,IRAC 2,IRAC 2A,,,,,,,,,,,,,,,,,,,,,,,,,,
"DDT, p,p'",Clofenotane or dichlorodiphenyltrichloroethane or dicofane or chlorophenothane,50-29-3,Insecticide,IRAC 3,IRAC 3B,,,,,,,,,,,,,,,,,,,,,,,,,,
DEET,Diethyltoluamide or delphene or detamide,134-62-3,Insecticide,NA,NA,,,,,,,,,,,,,,,,,,,,,,,,,,
Delta-benzenehexachloride,Delta-BHC, 319-86-8,NA,NA,NA,,,,,,,,,,,,,,,,,,,,,,,,,,
Deltamethrin,Decamethrin,52918-63-5,Insecticide,IRAC 3,IRAC 3A,0.079,1,0.079,0.079,0.079,0.079,0.079,0,PPDB,0.079,,,,,0.0015,1,0.0015,0.0015,0.0015,0.0015,0.0015,0,PPDB,0.0015,,
Desmethyl-pirimicarb, ,27218-04-8,Insecticide,NA,NA,,,,,,,,,,,,,,,,,,,,,,,,,,
Diafenthiuron,,80060-09-9,Insecticide,IRAC 12,IRAC 12A,,,,,,,,,,,,,,,1.5,1,1.5,1.5,1.5,1.5,1.5,0,PPDB,1.5,,
Diazinon,Dimpylate,333-41-5,Insecticide,IRAC 1,IRAC 1B,0.09,2,0.09,0.09,0.09,0.09,0.09,0,PPDB|OpenFoodTox,0.09,0.09,,,,0.13,1,0.13,0.13,0.13,0.13,0.13,0,PPDB,0.13,,
Diazinon oxon,,962-58-3,Insecticide,IRAC 1,IRAC 1B,,,,,,,,,,,,,,,,,,,,,,,,,,
Dicamba,Dianat or disugran ,1918-00-9,Herbicide,HRAC O,HRAC O,100,2,100,100,100,100,100,0,PPDB|OpenFoodTox,100,100,,,,100,1,100,100,100,100,100,0,PPDB,100,,
Dichlofenthion,,97-17-6,Insecticide,IRAC 1,IRAC 1B,,,,,,,,,,,,,,,,,,,,,,,,,,
Dichlorvos,DDVP or dichlorfos or DDVF or denkavepon or vapona,62-73-7,Varroacide,IRAC 1,IRAC 1B,0.29,1,0.29,0.29,0.29,0.29,0.29,0,PPDB,0.29,,,,,,,,,,,,,,,,
Diclofop-methyl,,51338-27-3,Herbicide,HRAC A,HRAC A,131,1,131,131,131,131,131,0,PPDB,131,,,,,100,2,100,100,100,100,100,0,PPDB| OpenFoodTox,100,100,
Dicloran,Ditranil,99-30-9,Fungicide,FRAC F,FRAC 14 (F3),113,1,113,113,113,113,113,0,PPDB,113,,,,,100,2,100,100,100,100,100,0,PPDB| OpenFoodTox,100,100,
Dicofol,Kelthane,115-32-2,Insecticide,IRAC UN*,IRAC UN*,,0,,,,,,0,PPDB,50,,,,,,,,,,,,,,,,
Dieldrin,Dieldrex or dieldrite,60-57-1,Insecticide,IRAC 2,IRAC 2A,,,,,,,,,,,,,,,,,,,,,,,,,,
Dienochlor,Decachlor,2227-17-0,Insecticide,IRAC 2,IRAC 2A,,,,,,,,,,,,,,,,0,,,,,,0,PPDB,36.0,,
Diethyl maleate,,141-05-9,NA,NA,NA,,,,,,,,,,,,,,,,,,,,,,,,,,
Difenoconazole,,119446-68-3,Fungicide,FRAC G,FRAC 3 (G1),177,1,177,177,177,177,177,0,PPDB,177,,,,,100,2,100,100,100,100,100,0,PPDB| OpenFoodTox,100,100,
Diflubenzuron,DFB or difluron,35367-38-5,Insecticide,IRAC 15,IRAC 15,,0,,,,,,0,PPDB,9.1,,,,,,0,,,,,,0,PPDB,74.2,,
Dimethenamid,,87674-68-8,Herbicide,HRAC K3,HRAC K3,1000,1,1000,1000,1000,1000,1000,0,Ecotox,1000,,,,,94,2,94,94,94,94,94,0,PPDB| OpenFoodTox,94,94,
Dimethoate,Phosphamide or fosamid,60-51-5,Insecticide,IRAC 1,IRAC 1B,0.1,2,0.1,0.1,0.1,0.1,0.1,0,PPDB|OpenFoodTox,0.1,0.1,,,,0.1,1,0.1,0.1,0.1,0.1,0.1,0,PPDB,0.1,,
Dimethomorph,,110488-70-5,Fungicide,FRAC H,FRAC 40 (H5),,0,,,,,,0,PPDB,32.4,,,,,102,1,102,102,102,102,102,0,PPDB,102,,
Dimoxystrobin,,149961-52-4,Fungicide,FRAC C,FRAC 11 (C3),,0,,,,,,0,PPDB,79.4,,,,,100,1,100,100,100,100,100,0,PPDB,100,,
Dinotefuran,,165252-70-0,Insecticide,IRAC 4,IRAC 4A,,,,,,,,,,,,,,,,0,,,,,,0,PPDB,0.023,,
Diphenamid,Diphenylamide,957-51-7,Fungicide,HRAC K3,HRAC K3,,,,,,,,,,,,,,,2432,1,2432,2432,2432,2432,2432,0,PPDB,2432,,
Diphenylamine,DPA or anilinobenzene,122-39-4,Insecticide,NA,NA,,,,,,,,,,,,,,,,,,,,,,,,,,
Dithianon,,3347-22-6,Fungicide,FRAC M,FRAC M09,,0,,,,,,0,PPDB,25.4,,,,,100,1,100,100,100,100,100,0,PPDB,100,,
Diuron,Dichlorfenidim,330-54-1,Herbicide,HRAC C2,HRAC C2,86.75,1,86.75,86.75,86.75,86.75,86.75,0,PPDB,86.75,,,,,101.7,1,101.7,101.7,101.7,101.7,101.7,0,PPDB,101.7,,
DMA,Amitraz metabolite,127-19-5,Insecticide,IRAC 19,IRAC 19,,,,,,,,,,,,,,,,,,,,,,,,,,
DMF,Amitraz metabolite,4637-24-5,Insecticide,IRAC 19,IRAC 19,,,,,,,,,,,,,,,,,,,,,,,,,,
DMPF,"2,4 Dimethylphenyl formamide",60397-77-5,Insecticide,IRAC 19,IRAC 19,,,,,,,,,,,,,,,,,,,,,,,,,,
Dodemorph,Doazine,1593-77-7,Fungicide,FRAC G,FRAC 5 (G2),,0,,,,,,0,PPDB,106.3,,,,,,0,,,,,,0,PPDB,76.6,,
Emamectin Benzoate, ,155569-91-8,Insecticide,IRAC 6,IRAC 6,,,,,,,,,,,,,,,0.035,1,0.035,0.035,0.035,0.035,0.035,0,PPDB,0.035,,
Endosulfan,Thiodan or benzoepin or thiosulfan,959-98-8,Varroacide,IRAC 2,IRAC 2A,,0,,,,,,0,PPDB,15.6,,,,,,0,,,,,,0,PPDB,7.81,,
Endosulfan I,Alpha-endosulfan,959-98-8,Varroacide,IRAC 2,IRAC 2A,,,,,,,,,,,,,,,7.81,1,7.81,7.81,7.81,7.81,7.81,0,PPDB,7.81,,
Endosulfan II,Beta-endosulfan,33213-65-9,Varroacide,IRAC 2,IRAC 2A,,,,,,,,,,,,,,,,,,,,,,,,,,
Endosulfan sulfate,Suldate endosulfan,1031-07-8,Insecticide,NA,NA,,,,,,,,,,,,,,,,,,,,,,,,,,
Endrin,Nendrin or aldrin epoxide,72-20-8,Insecticide,NA,NA,,,,,,,,,,,,,,,,0,,,,,,0,PPDB,0.46,,
Epoxiconazole,,135319-73-2,Fungicide,FRAC G,FRAC 3 (G1),,0,,,,,,0,PPDB,83,,,,,100,1,100,100,100,100,100,0,PPDB,100,,
Esfenvalerate,Fenvalerate-U,66230-04-4,Insecticide,IRAC 3,IRAC 3A,0.21,1,0.21,0.21,0.21,0.21,0.21,0,PPDB,0.21,,,,,0.06,1,0.06,0.06,0.06,0.06,0.06,0,PPDB,0.06,,
Ethalfluralin,,55283-68-6,Herbicide,HRAC K1,HRAC K1,109.9,1,109.9,109.9,109.9,109.9,109.9,0,PPDB,109.9,,,,,100,1,100,100,100,100,100,0,PPDB,100,,
Ethion,Diethion,563-12-2,Insecticide,IRAC 1,IRAC 1B,,,,,,,,,,,,,,,,,,,,,,,,,,
Ethofumesate,,26225-79-6,Herbicide,HRAC N,HRAC N,,0,,,,,,0,PPDB,50,,,,,,0,,,,,,0,PPDB,50,,
Ethoprophos,,13194-48-4,Insecticide,IRAC 1,IRAC 1B,4.07,1,4.07,4.07,4.07,4.07,4.07,0,PPDB,4.07,,,,,5.56,1,5.56,5.56,5.56,5.56,5.56,0,PPDB,5.56,,
Etofenprox,,80844-07-1,Insecticide,IRAC 3,IRAC 3A,0.093722996,2,0.024,0.1095,0.195,0.2805,0.366,0.342,PPDB|OpenFoodTox,0.366,0.024,,,,0.023874673,2,0.015,0.02075,0.0265,0.03225,0.038,0.023,OpenFoodTox| PPDB,0.015,0.038,
Etoxazole,,153233-91-1,Varroacide,IRAC 10,IRAC 10B,200,1,200,200,200,200,200,0,PPDB,200,,,,,200,1,200,200,200,200,200,0,PPDB,200,,
Etridiazole,Echlomezol or ethazol or athazole or terrazole,2593-15-9,Fungicide,FRAC F,FRAC 14,,,,,,,,,,,,,,,,,,,,,,,,,,
Famoxadone,,131807-57-3,Fungicide,FRAC C,FRAC 11 (C3),,0,,,,,,0,PPDB,1.0,,,,,,0,,,,,,0,PPDB,25,,
Fenamidone,,161326-34-7,Fungicide,FRAC C,FRAC 11 (C3),159.8,1,159.8,159.8,159.8,159.8,159.8,0,PPDB,159.8,,,,,,0,,,,,,0,PPDB,74.8,,
Fenamiphos,Phenamiphos or methaphenamiphos,22224-92-6,Insecticide,IRAC 1,IRAC 1B,0.45,1,0.45,0.45,0.45,0.45,0.45,0,PPDB,0.45,,,,,0.28,2,0.28,0.28,0.28,0.28,0.28,0,PPDB| OpenFoodTox,0.28,0.28,
Fenamiphos-sulfon,FON,31972-44-8,NA,NA,NA,,,,,,,,,,,,,,,,,,,,,,,,,,
Fenamiphos-sulfoxide,FOX,31972-43-7,NA,NA,NA,,,,,,,,,,,,,,,,,,,,,,,,,,
Fenarimol,,60168-88-9,Fungicide,FRAC G,FRAC 3 (G1),,0,,,,,,0,PPDB,10,,,,,100,1,100,100,100,100,100,0,PPDB,100,,
Fenazaquin,,120928-09-8,Insecticide,IRAC 21,IRAC 21A,4.29,2,4.29,4.29,4.29,4.29,4.29,0,PPDB|OpenFoodTox,4.29,4.29,,,,1.21,3,1.21,1.21,1.21,1.21,1.21,0,PPDB| OpenFoodTox| OpenFoodTox,1.21,1.21,1.21
Fenbuconazole,"Indar , Fenethanil",114369-43-6,Fungicide,FRAC G,FRAC 3 (G1),,0,,,,,,0,PPDB,5.2,,,,,,0,,,,,,0,PPDB,5.5,,
Fenbutatin oxide,Hexakis,13356-08-6,Insecticide,IRAC 12,IRAC 12B,,0,,,,,,0,PPDB,200,,,,,200,1,200,200,200,200,200,0,PPDB,200,,
Fenhexamid,,126833-17-8,Fungicide,FRAC G,FRAC 17 (G3),102.07,2,102.07,102.07,102.07,102.07,102.07,0,PPDB|OpenFoodTox,102.07,102.07,,,,200,2,200,200,200,200,200,0,PPDB| OpenFoodTox,200,200,
Fenitrothion,MEP,122-14-5,Insecticide,IRAC 1,IRAC 1B,0.2,1,0.2,0.2,0.2,0.2,0.2,0,PPDB,0.2,,,,,0.16,1,0.16,0.16,0.16,0.16,0.16,0,PPDB,0.16,,
Fenothiocarb,,62850-32-2,Insecticide,IRAC 1,IRAC 1A,,,,,,,,,,,,,,,,0,,,,,,0,PPDB,200,,
Fenoxaprop-ethyl, ,66441-23-4,Herbicide,HRAC A,HRAC A,,,,,,,,,,,,,,,300,1,300,300,300,300,300,0,PPDB,300,,
Fenoxaprop-p-ethyl, ,71283-80-2,Herbicide,HRAC A,HRAC A,147.616056,2,109.5,131.875,154.25,176.625,199,89.5,PPDB|OpenFoodTox,109.5,199,,,,36.4,1,36.4,36.4,36.4,36.4,36.4,0,PPDB,36.4,,
Fenoxycarb,,79127-80-3,Insecticide,IRAC 7,IRAC 7B,204,1,204,204,204,204,204,0,PPDB,204,,,,,204,1,204,204,204,204,204,0,PPDB,204,,
Fenpropathrin,,39515-41-8,Insecticide,IRAC 3,IRAC 3A,,,,,,,,,,,,,,,,0,,,,,,0,PPDB,0.05,,
Fenpropidin,Fenpropadine,67306-00-7,Fungicide,FRAC G,FRAC 5 (G2),,0,,,,,,0,PPDB,10,,,,,46,1,46,46,46,46,46,0,PPDB,46,,
Fenpropimorph,,67564-91-4,Fungicide,FRAC G,FRAC 5 (G2),,0,,,,,,0,PPDB,95.6,,,,,100,1,100,100,100,100,100,0,PPDB,100,,
Fenpyroximate,,134098-61-6,Varroacide,IRAC 21,IRAC 21A,118.5,1,118.5,118.5,118.5,118.5,118.5,0,PPDB,118.5,,,,,15.8,1,15.8,15.8,15.8,15.8,15.8,0,PPDB,15.8,,
Fenthion,MPP or DMTP ,55-38-9,Insecticide,IRAC 1,IRAC 1B,,,,,,,,,,,,,,,,0,,,,,,0,PPDB,0.308,,
Fenthion-sulfone,,3761-42-0,Insecticide,NA,NA,,,,,,,,,,,,,,,,,,,,,,,,,,
Fenthion-sulfoxide,Mesulfenfos or Mesulfenos or Fensulfoxide,3761-41-9,Insecticide,IRAC 1,IRAC 1B,,,,,,,,,,,,,,,,,,,,,,,,,,
Fenvalerate,,51630-58-1,Insecticide,IRAC 3,IRAC 3A,,,,,,,,,,,,,,,0.23,1,0.23,0.23,0.23,0.23,0.23,0,PPDB,0.23,,
Fipronil,,120068-37-3,Insecticide,IRAC 2,IRAC 2B,0.00417,1,0.00417,0.00417,0.00417,0.00417,0.00417,0,PPDB,0.00417,,,,,0.0059,1,0.0059,0.0059,0.0059,0.0059,0.0059,0,PPDB,0.0059,,
Fipronil sulfide,,120067-83-6,Insecticide,NA,NA,,,,,,,,,,,,,,,,,,,,,,,,,,
Fipronil sulfone,,120068-36-2,Insecticide,NA,NA,0.0064,1,0.0064,0.0064,0.0064,0.0064,0.0064,0,PPDB,0.0064,,,,,,,,,,,,,,,,
Flazasulfuron,,104040-78-0,Herbicide,HRAC B,HRAC B,100,1,100,100,100,100,100,0,PPDB,100,,,,,100,1,100,100,100,100,100,0,PPDB,100,,
Flonicamid,,158062-67-0,Insecticide,IRAC 29,IRAC 29,53300,1,53300,53300,53300,53300,53300,0,PPDB,53300,,,,,51100,1,51100,51100,51100,51100,51100,0,PPDB,51100,,
Fluazinam,,79622-59-6,Fungicide,FRAC C,FRAC 29 (C5),100,2,100,100,100,100,100,0,PPDB|OpenFoodTox,100,100,,,,200,1,200,200,200,200,200,0,PPDB,200,,
Flubendiamide,,272451-65-7,Insecticide,IRAC 28,IRAC 28,200,2,200,200,200,200,200,0,PPDB|OpenFoodTox,200,200,,,,200,1,200,200,200,200,200,0,PPDB,200,,
Flucycloxuron,,113036-88-7,Insecticide,IRAC 15,IRAC 15,,,,,,,,,,,,,,,,0,,,,,,0,PPDB,100,,
Fludioxonil,,131341-86-1,Fungicide,FRAC E,FRAC 12 (E2),100,2,100,100,100,100,100,0,PPDB|OpenFoodTox,100,100,,,,100,1,100,100,100,100,100,0,PPDB,100,,
Flumethrin,,69770-45-2,Varroacide,NA,NA,,,,,,,,,,,,,,,,,,,,,,,,,,
Fluometuron,,2164-17-2,Herbicide,HRAC F3,HRAC F3,,0,,,,,,0,PPDB,34.0,,,,,100,1,100,100,100,100,100,0,PPDB,100,,
Fluopicolide,,239110-15-7,Fungicide,FRAC B,FRAC 43 (B5),241,1,241,241,241,241,241,0,PPDB,241,,,,,100,1,100,100,100,100,100,0,PPDB,100,,
Fluopyram,,658066-35-4,Fungicide,FRAC C,FRAC 7 (C2),102.3,2,102.3,102.3,102.3,102.3,102.3,0,PPDB|OpenFoodTox,102.3,102.3,,,,100,2,100,100,100,100,100,0,PPDB| OpenFoodTox,100,100,
Fluoxastrobin,,361377-29-9,Fungicide,FRAC C,FRAC 11 (C3),843,2,843,843,843,843,843,0,PPDB|OpenFoodTox,843,843,,,,200,2,200,200,200,200,200,0,PPDB| OpenFoodTox,200,200,
Flupyradifurone,,951659-40-8,Insecticide,IRAC 4,IRAC 4D,1.2,1,1.2,1.2,1.2,1.2,1.2,0,PPDB,1.2,,,,,200,1,200,200,200,200,200,0,PPDB,200,,
Fluquinconazole,,136426-54-5,Fungicide,FRAC G,FRAC 3 (G1),100,2,100,100,100,100,100,0,PPDB|OpenFoodTox,100,100,,,,100,1,100,100,100,100,100,0,PPDB,100,,
Fluridone,,59756-60-4,Herbicide,HRAC F1,HRAC F1,363,1,363,363,363,363,363,0,PPDB,363,,,,,,,,,,,,,,,,
Flusilazole,,85509-19-9,Fungicide,FRAC G,FRAC 3 (G1),33.8,1,33.8,33.8,33.8,33.8,33.8,0,PPDB,33.8,,,,,165,1,165,165,165,165,165,0,PPDB,165,,
Flutolanil,,66332-96-5,Fungicide,FRAC C,FRAC 7 (C2),208.7,1,208.7,208.7,208.7,208.7,208.7,0,PPDB,208.7,,,,,200,2,200,200,200,200,200,0,PPDB| OpenFoodTox,200,200,
Flutriafol,,76674-21-0,Fungicide,FRAC G,FRAC 3 (G1),,0,,,,,,0,PPDB,2.0,,,,,,0,,,,,,0,PPDB,50,,
Fluvalinate,,102851-06-9,Varroacide,IRAC 3,IRAC 3A,,,,,,,,,,,,,,,,,,,,,,,,,,
Fluxapyroxad,Xemium,907204-31-3,Fungicide,FRAC C,FRAC 7 (C2),110.9,1,110.9,110.9,110.9,110.9,110.9,0,PPDB,110.9,,,,,100,1,100,100,100,100,100,0,PPDB,100,,
Folpet,Trichloromethylthiophthalimideolpel or Folpan or Phthaltan ,133-07-3,Fungicide,FRAC M,FRAC M04,236,1,236,236,236,236,236,0,PPDB,236,,,,,200,1,200,200,200,200,200,0,PPDB,200,,
Formetanate hydrochloride,Formentanate monohydrochloride,23422-53-9,Insecticide,IRAC 1,IRAC 1A,0.16,1,0.16,0.16,0.16,0.16,0.16,0,PPDB,0.16,,,,,1.04,1,1.04,1.04,1.04,1.04,1.04,0,PPDB,1.04,,
Formic acid,,64-18-6,Varroacide,NA,NA,,,,,,,,,,,,,,,,,,,,,,,,,,
Fumagillin,,23110-15-8,Fungicide,NA,NA,,,,,,,,,,,,,,,,,,,,,,,,,,
Gamma-benzenehexachloride,"Lindane, Gamma-HCH or Gamma-BHC",58-89-9,Insecticide,IRAC 2,IRAC 2A,0.011,1,0.011,0.011,0.011,0.011,0.011,0,PPDB,0.011,,,,,0.23,1,0.23,0.23,0.23,0.23,0.23,0,PPDB,0.23,,
Glyphosate,Sulfosate or 2-[(phosphonomethyl)amino]acetic acid,1071-83-6,Herbicide,HRAC G,HRAC G,100,1,100,100,100,100,100,0,PPDB,100,,,,,100,1,100,100,100,100,100,0,PPDB,100,,
Heptachlor,,76-44-8,Insecticide,IRAC 2,IRAC 2A,,,,,,,,,,,,,,,,0,,,,,,0,PPDB,0.526,,
Heptachlor epoxide,Epoxyheptachlor or Heptachlor metabolite,1024-57-3,Insecticide,NA,NA,,,,,,,,,,,,,,,,,,,,,,,,,,
Hexachlorobenzene,HCB or perchlorobenzene,118-74-1,Fungicide,NA,NA,,,,,,,,,,,,,,,,,,,,,,,,,,
Hexazinone,,51235-04-2,Herbicide,HRAC C1,HRAC C1,,,,,,,,,,,,,,,100,1,100,100,100,100,100,0,PPDB,100,,
Hexythiazox,,78587-05-0,Varroacide,IRAC 10,IRAC 10A,112.0999554,2,112,112.05,112.1,112.15,112.2,0.2,PPDB|OpenFoodTox,112,112.2,,,,200,1,200,200,200,200,200,0,PPDB,200,,
Hydroprene,,41205-09-8,Insecticide,IRAC 7,IRAC 7A,,0,,,,,,0,PPDB,1000000,,,,,,,,,,,,,,,,
Hydroxychlorothalonil, ,28343-61-5,Fungicide,NA,NA,,,,,,,,,,,,,,,,,,,,,,,,,,
Imazalil,Enilconazole or Chloramizol,35554-44-0,Fungicide,FRAC G,FRAC 3 (G1),35.1,1,35.1,35.1,35.1,35.1,35.1,0,PPDB,35.1,,,,,39,1,39,39,39,39,39,0,PPDB,39,,
Imazosulfuron,,122548-33-8,Herbicide,HRAC B,HRAC B,41.6,1,41.6,41.6,41.6,41.6,41.6,0,PPDB,41.6,,,,,100,1,100,100,100,100,100,0,PPDB,100,,
Imidacloprid,,138261-41-3,Insecticide,IRAC 4,IRAC 4A,0.0037,5,0.0037,0.0037,0.0037,0.0037,0.0037,0,PPDB|OpenFoodTox|OpenFoodTox|OpenFoodTox|OpenFoodTox,0.0037,0.0037,0.0037,0.0037,0.0037,0.081,3,0.081,0.081,0.081,0.081,0.081,0,PPDB| OpenFoodTox| OpenFoodTox,0.081,0.081,0.081
Imidacloprid olefin, ,115086-54-9,Insecticide,IRAC 4,IRAC 4A,,,,,,,,,,,,,,,,,,,,,,,,,,
Imidacloprid-5-hydroxy, ,380912-09-4,Insecticide,IRAC 4,IRAC 4A,,,,,,,,,,,,,,,,,,,,,,,,,,
Indole-3-carbinol,,700-06-1,NA,NA,NA,,,,,,,,,,,,,,,,,,,,,,,,,,
Indoxacarb,,173584-44-6,Insecticide,IRAC 22,IRAC 22A,0.232,1,0.232,0.232,0.232,0.232,0.232,0,PPDB,0.232,,,,,0.08,1,0.08,0.08,0.08,0.08,0.08,0,PPDB,0.08,,
Iprodione,Glycophene,36734-19-7,Fungicide,FRAC E,FRAC 2 (E3),100,2,100,100,100,100,100,0,PPDB|OpenFoodTox,100,100,,,,100,2,100,100,100,100,100,0,PPDB| OpenFoodTox,100,100,
Iprodione + thiophanate, ,NA,NA,NA,NA,,,,,,,,,,,,,,,,,,,,,,,,,,
Iprovalicarb,,140923-17-7,Fungicide,FRAC H,FRAC 40 (H5),199,1,199,199,199,199,199,0,PPDB,199,,,,,,,,,,,,,,,,
Isoprocarb,MIPC,2631-40-5,Insecticide,IRAC 1,IRAC 1A,,,,,,,,,,,,,,,,0,,,,,,0,PPDB,2.0,,
Isoproturon,IPU or Ipuron,34123-59-6,Herbicide,HRAC C2,HRAC C2,195,1,195,195,195,195,195,0,PPDB,195,,,,,200,1,200,200,200,200,200,0,PPDB,200,,
Ivermectin,,70288-86-7,Insecticide,NA,NA,,,,,,,,,,,,,,,,,,,,,,,,,,
Kresoxim-methyl, ,143390-89-0,Fungicide,FRAC C,FRAC 11,110,1,110,110,110,110,110,0,PPDB,110,,,,,100,2,100,100,100,100,100,0,PPDB| OpenFoodTox,100,100,
Lambda-cyhalothrin, ,91465-08-6,Insecticide,IRAC 3,IRAC 3,0.91,1,0.91,0.91,0.91,0.91,0.91,0,PPDB,0.91,,,,,0.038,1,0.038,0.038,0.038,0.038,0.038,0,PPDB,0.038,,
Lindane,Gamma-HCH or Gamma-BHC,58-89-9,Insecticide,IRAC 2,IRAC 2A,0.011,1,0.011,0.011,0.011,0.011,0.011,0,PPDB,0.011,,,,,0.23,1,0.23,0.23,0.23,0.23,0.23,0,PPDB,0.23,,
Linuron,,330-55-2,Herbicide,HRAC C2,HRAC C2,160,1,160,160,160,160,160,0,PPDB,160,,,,,120.9,1,120.9,120.9,120.9,120.9,120.9,0,PPDB,120.9,,
Malaoxon,,1634-78-2,NA,NA,NA,,,,,,,,,,,,,,,,,,,,,,,,,,
Malathion,Carbophos or Maldison or Mercaptothion,121-75-5,Insecticide,IRAC 1,IRAC 1B,0.4,1,0.4,0.4,0.4,0.4,0.4,0,PPDB,0.4,,,,,0.16,3,0.16,0.16,0.16,0.16,0.16,0,PPDB| OpenFoodTox| OpenFoodTox,0.16,0.16,0.16
Mandipropamide,,374726-62-2,Fungicide,FRAC H,FRAC 40 (H5),,0,,,,,,0,PPDB,200,,,,,,0,,,,,,0,PPDB,200,,
Mesotrione,,104206-82-8,Herbicide,HRAC F2,HRAC F2,,0,,,,,,0,PPDB,11,,,,,100,1,100,100,100,100,100,0,PPDB,100,,
Metaflumizone,,139968-49-3,Insecticide,IRAC 22,IRAC 22B,2.43,1,2.43,2.43,2.43,2.43,2.43,0,PPDB,2.43,,,,,1.65,1,1.65,1.65,1.65,1.65,1.65,0,PPDB,1.65,,
Metalaxyl,,57837-19-1,Fungicide,FRAC A,FRAC 4,269,1,269,269,269,269,269,0,PPDB,269,,,,,200,1,200,200,200,200,200,0,PPDB,200,,
Metalaxyl-m,Mefenoxam or R-metalaxyl,70630-17-0,Fungicide,FRAC A,FRAC 4 (A1),,0,,,,,,0,PPDB,97.3,,,,,100,1,100,100,100,100,100,0,PPDB,100,,
Metamitron,Methiamitron,41394-05-2,Herbicide,HRAC C1,HRAC C1,,0,,,,,,0,PPDB,97.2,,,,,100,1,100,100,100,100,100,0,PPDB,100,,
Metconazole,,125116-23-6,Fungicide,FRAC G,FRAC 3 (G1),85,1,85,85,85,85,85,0,PPDB,85,,,,,100,1,100,100,100,100,100,0,PPDB,100,,
Methamidophos,Acephate-metabolite,10265-92-6,Insecticide,IRAC 1,IRAC 1B,,0,,,,,,0,PPDB,0.22,,,,,,,,,,,,,,,,
Methidathion,,950-37-8,Insecticide,IRAC 1,IRAC 1B,,,,,,,,,,,,,,,,0,,,,,,0,PPDB,0.13,,
Methiocarb,Mercaptodimethur,2032-65-7,Insecticide,IRAC 1,IRAC 1A,0.08,1,0.08,0.08,0.08,0.08,0.08,0,PPDB,0.08,,,,,0.23,2,0.23,0.23,0.23,0.23,0.23,0,PPDB| OpenFoodTox,0.23,0.23,
Methiocarb sulfoxide, ,2635-10-1.,Insecticide,NA,NA,,,,,,,,,,,,,,,,,,,,,,,,,,
Methomyl,,16752-77-5,Insecticide,IRAC 1,IRAC 1A,0.28,1,0.28,0.28,0.28,0.28,0.28,0,PPDB,0.28,,,,,0.16,3,0.16,0.16,0.16,0.16,0.16,0,PPDB| OpenFoodTox| OpenFoodTox,0.16,0.16,0.16
Methoprene,,40596-69-8,Insecticide,IRAC 7,IRAC 7A,,,,,,,,,,,,,,,,,,,,,,,,,,
Methoxyfenozide,,161050-58-4,Insecticide,IRAC 18,IRAC 18,100,1,100,100,100,100,100,0,PPDB,100,,,,,100,2,100,100,100,100,100,0,PPDB| OpenFoodTox,100,100,
Metolachlor,,51218-45-2,Herbicide,HRAC K3,HRAC K3,110,1,110,110,110,110,110,0,PPDB,110,,,,,110,1,110,110,110,110,110,0,PPDB,110,,
Metrafenone,,220899-03-6,Fungicide,FRAC B,FRAC 50 (B6),114,1,114,114,114,114,114,0,PPDB,114,,,,,100,1,100,100,100,100,100,0,PPDB,100,,
Metribuzin,,21087-64-9,Herbicide,HRAC C1,HRAC C1,112.8370507,2,76.7,99.025,121.35,143.675,166,89.3,PPDB|OpenFoodTox,76.7,166,,,,100,1,100,100,100,100,100,0,PPDB,100,,
Mevinphos,Phosdrin or Duraphos or Mevinox or Phosdrine or Menite,7786-34-7,Insecticide,IRAC 1,IRAC 1B,,,,,,,,,,,,,,,,,,,,,,,,,,
MGK-264,,113-48-4,Insecticide,NA,NA,,,,,,,,,,,,,,,,,,,,,,,,,,
MGK-326,,136-45-8,Insecticide,NA,NA,,,,,,,,,,,,,,,,,,,,,,,,,,
Molinate,,2212-67-1,Herbicide,HRAC N,HRAC N,,0,,,,,,0,PPDB,11.0,,,,,,,,,,,,,,,,
Momfluorothrin,,609346-29-4,Insecticide,IRAC 3,IRAC 3A,5.08,1,5.08,5.08,5.08,5.08,5.08,0,PPDB,5.08,,,,,0.2,1,0.2,0.2,0.2,0.2,0.2,0,PPDB,0.2,,
Myclobutanil,,88671-89-0,Fungicide,FRAC G,FRAC 3 (G1),,0,,,,,,0,PPDB,33.9,,,,,33.9,1,33.9,33.9,33.9,33.9,33.9,0,PPDB,33.9,,
Nitenpyram,,150824-47-8,Insecticide,IRAC 4,IRAC 4A,,,,,,,,,,,,,,,,,,,,,,,,,,
Norflurazon,Monometflurazon,27314-13-2,Herbicide,HRAC F1,HRAC F1,,,,,,,,,,,,,,,236,1,236,236,236,236,236,0,PPDB,236,,
Norflurazon desmethyl,N-demethylnorflurazone,23576-24-1 ,Herbicide,NA,NA,,,,,,,,,,,,,,,,,,,,,,,,,,
Novaluron,,116714-46-6,Insecticide,IRAC 15,IRAC 15,100,1,100,100,100,100,100,0,PPDB,100,,,,,100,1,100,100,100,100,100,0,PPDB,100,,
Omethoate,Dimethoate-met or dimethoxon,1113-02-6,Insecticide,IRAC 1,IRAC 1B,0.048,1,0.048,0.048,0.048,0.048,0.048,0,PPDB,0.048,,,,,,,,,,,,,,,,
Oxalic Acid,,144-62-7,Varroacide,NA,NA,,,,,,,,,,,,,,,,,,,,,,,,,,
Oxamyl,Thioxamyl or Oxamil or Vydate or Dioxamyl,23135-22-0,Insecticide,IRAC 1,IRAC 1A,0.38,2,0.38,0.38,0.38,0.38,0.38,0,PPDB|OpenFoodTox,0.38,0.38,,,,0.26,1,0.26,0.26,0.26,0.26,0.26,0,PPDB,0.26,,
Oxyfluorfen,,42874-03-3,Herbicide,HRAC E,HRAC E,100,2,100,100,100,100,100,0,PPDB|OpenFoodTox,100,100,,,,100,1,100,100,100,100,100,0,PPDB,100,,
Oxymatrine,,16837-52-8,NA,NA,NA,,,,,,,,,,,,,,,,,,,,,,,,,,
Oxytetracycline, ,79-57-2,NA,NA,NA,,,,,,,,,,,,,,,,,,,,,,,,,,
Paradichlorobenzene, ,106-46-7,Insecticide,NA,NA,,,,,,,,,,,,,,,,,,,,,,,,,,
Paraquat,Orthoparaquat,4685-14-7,Herbicide,HRAC D,HRAC D,,0,,,,,,0,PPDB,9.06,,,,,9.26,1,9.26,9.26,9.26,9.26,9.26,0,PPDB,9.26,,
Parathion,,56-38-2,Insecticide,IRAC 1,IRAC 1B,,,,,,,,,,,,,,,,,,,,,,,,,,
Parathion ethyl,Parathion,56-38-2,Insecticide,IRAC 1,IRAC 1B,,0,,,,,,0,PPDB,0.21,,,,,,,,,,,,,,,,
Parathion-methyl,Metaphos or Meptox or Thiophenit or Quinophos,298-00-0,Insecticide,IRAC 1,IRAC 1B,,,,,,,,,,,,,,,19.5,1,19.5,19.5,19.5,19.5,19.5,0,PPDB,19.5,,
Penconazole,,66246-88-6,Fungicide,FRAC G,FRAC 3 (G1),112,1,112,112,112,112,112,0,PPDB,112,,,,,,0,,,,,,0,PPDB,30,,
Pencycuron,,66063-05-6,Fungicide,FRAC B,FRAC 20 (B4),,0,,,,,,0,PPDB,98.5,,,,,100,1,100,100,100,100,100,0,PPDB,100,,
Pendimethalin,Penoxalin or phenoxalin,40487-42-1,Herbicide,HRAC K1,HRAC K1,101.2,1,101.2,101.2,101.2,101.2,101.2,0,PPDB,101.2,,,,,100,1,100,100,100,100,100,0,PPDB,100,,
Penthiopyrad,,183675-82-3,Fungicide,FRAC C,FRAC 7 (C2),500,2,500,500,500,500,500,0,PPDB|OpenFoodTox,500,500,,,,500,1,500,500,500,500,500,0,PPDB,500,,
Permethrin,,52645-53-1,Insecticide,IRAC 3,IRAC 3A,0.13,1,0.13,0.13,0.13,0.13,0.13,0,PPDB,0.13,,,,,0.024,1,0.024,0.024,0.024,0.024,0.024,0,PPDB,0.024,,
Phenobarbital,,50-06-6,NA,NA,NA,,,,,,,,,,,,,,,,,,,,,,,,,,
Phenothrin,D-phenothrin or Phenoxythrin or Cyfenothrin or Sumithrin,26002-80-2,Insecticide,IRAC 3,IRAC 3A,,,,,,,,,,,,,,,,,,,,,,,,,,
Phentolamine ,,50-60-2,NA,NA,NA,,,,,,,,,,,,,,,,,,,,,,,,,,
Phorate,Timet, 298-02-2,Insecticide,IRAC 1,IRAC 1B,,0,,,,,,0,PPDB,0.43,,,,,0.32,1,0.32,0.32,0.32,0.32,0.32,0,PPDB,0.32,,
Phosalone,"Benzofos or O,O-diethyl phosphorodithioate",2310-17-0,Insecticide,IRAC 1,IRAC 1B,102,1,102,102,102,102,102,0,PPDB,102,,,,,4.4,2,4.4,4.4,4.4,4.4,4.4,0,PPDB| OpenFoodTox,4.4,4.4,
Phosmet,Phthalophos or PMP,0732-11-6,Insecticide,IRAC 1,IRAC 1B,0.37,1,0.37,0.37,0.37,0.37,0.37,0,PPDB,0.37,,,,,0.22,3,0.22,0.22,0.22,0.22,0.22,0,PPDB| OpenFoodTox| OpenFoodTox,0.22,0.22,0.22
Phosmet oxon,,3735-33-9,Insecticide,IRAC 1,IRAC 1B,0.37,1,0.37,0.37,0.37,0.37,0.37,0,PPDB,0.37,,,,,0.22,1,0.22,0.22,0.22,0.22,0.22,0,PPDB,0.22,,
Picoxystrobin,Picoxystrolin,117428-22-5,Fungicide,FRAC C,FRAC 11 (C3),200,1,200,200,200,200,200,0,PPDB,200,,,,,200,1,200,200,200,200,200,0,PPDB,200,,
Piperonyl butoxide,PBO or Butacide or butoxide ,51-03-6,Insecticide,IRAC 27,IRAC 27A,,,,,,,,,,,,,,,294,1,294,294,294,294,294,0,PPDB,294,,
Pirimicarb,,23103-98-2,Insecticide,IRAC 1,IRAC 1A,4,1,4,4,4,4,4,0,PPDB,4,,,,,17.8,1,17.8,17.8,17.8,17.8,17.8,0,PPDB,17.8,,
Pirimiphos-ethyl,,23505-41-1,Insecticide,IRAC 1,IRAC 1B,,,,,,,,,,,,,,,,,,,,,,,,,,
Pirimiphos-methyl, ,29232-93-7,Insecticide,IRAC 1,IRAC 1B,,0,,,,,,0,PPDB,0.22,,,,,,,,,,,,,,,,
Polychlorinated biphenyl (PCB) mixture (Aloclor 1254), ,1336-36-3,NA,NA,NA,,,,,,,,,,,,,,,,,,,,,,,,,,
Polyethoxylated nonylphenol, ,25154-52-3,NA,NA,NA,,,,,,,,,,,,,,,,,,,,,,,,,,
Potasan,,299-45-6,NA,NA,NA,,,,,,,,,,,,,,,,,,,,,,,,,,
Prallethrin,,23031-36-9,Insecticide,IRAC 3,IRAC 3A,,,,,,,,,,,,,,,0.026,1,0.026,0.026,0.026,0.026,0.026,0,PPDB,0.026,,
Pristine, Pyraclostrobin + boscalid,NA,Fungicide,NA,NA,,,,,,,,,,,,,,,,,,,,,,,,,,
Prochloraz,Poraz,67747-09-5,Fungicide,FRAC G,FRAC 3 (G1),101.0299955,2,101,101.015,101.03,101.045,101.06,0.06,PPDB|OpenFoodTox,101,101.06,,,,141.3,1,141.3,141.3,141.3,141.3,141.3,0,PPDB,141.3,,
Procymidone,,32809-16-8,Fungicide,FRAC E,FRAC 2 (E3),100,1,100,100,100,100,100,0,PPDB,100,,,,,100,1,100,100,100,100,100,0,PPDB,100,,
Prodiamine,,29091-21-2,Herbicide,HRAC K1,HRAC K1,,,,,,,,,,,,,,,,0,,,,,,0,PPDB,100,,
Profenofos,Polycron or Selecron or Curacron,41198-08-7,Insecticide,IRAC 1,IRAC 1B,,,,,,,,,,,,,,,0.095,1,0.095,0.095,0.095,0.095,0.095,0,PPDB,0.095,,
Prometon,,1610-18-0,Herbicide,HRAC C1,HRAC C1,,,,,,,,,,,,,,,36,1,36,36,36,36,36,0,PPDB,36,,
Prometryn,,7287-19-6,Herbicide,HRAC C1,HRAC C1,,,,,,,,,,,,,,,99,1,99,99,99,99,99,0,PPDB,99,,
Pronamide,,23950-58-5,Herbicide,HRAC K1,HRAC K1,,,,,,,,,,,,,,,,0,,,,,,0,PPDB,136,,
Propachlor,,1918-16-7,Herbicide,HRAC K3,HRAC K3,197,1,197,197,197,197,197,0,PPDB,197,,,,,,,,,,,,,,,,
Propamocarb,Propamocarb hydrochloride,24579-73-5,Fungicide,FRAC F,FRAC 28 (F4),,0,,,,,,0,PPDB,84,,,,,100,1,100,100,100,100,100,0,PPDB,100,,
Propanil,"DCPA or 3,4-DCPA or Propanamide",709-98-8,Herbicide,HRAC C2,HRAC C2,,0,,,,,,0,PPDB,94.3,,,,,100,1,100,100,100,100,100,0,PPDB,100,,
Propargite,BPPS,2312-35-8,Varroacide,IRAC 12,IRAC 12C,100,1,100,100,100,100,100,0,PPDB,100,,,,,47.9,1,47.9,47.9,47.9,47.9,47.9,0,PPDB,47.9,,
Propazine,Prozinex or Gesamil,139-40-2,Herbicide,HRAC C1,HRAC C1,,,,,,,,,,,,,,,16,1,16,16,16,16,16,0,PPDB,16,,
Propetamphos,Safrotin,31218-83-4,Insecticide,IRAC 1,IRAC 1B,,,,,,,,,,,,,,,,,,,,,,,,,,
Propham,IPC or IFK,122-42-9,Herbicide,HRAC K2,HRAC K2,,,,,,,,,,,,,,,16,1,16,16,16,16,16,0,PPDB,16,,
Propiconazole,,60207-90-1,Fungicide,FRAC G,FRAC 3 (G1),100,1,100,100,100,100,100,0,PPDB,100,,,,,100,1,100,100,100,100,100,0,PPDB,100,,
Prothioconazole,,178928-70-6,Fungicide,FRAC G,FRAC 3 (G1),71,1,71,71,71,71,71,0,PPDB,71,,,,,100,1,100,100,100,100,100,0,PPDB,100,,
Pymetrozine,,123312-89-0,Insecticide,IRAC 9,IRAC 9B,117,1,117,117,117,117,117,0,PPDB,117,,,,,200,1,200,200,200,200,200,0,PPDB,200,,
Pyraclostrobin,,175013-18-0,Fungicide,FRAC C,FRAC 11 (C3),,0,,,,,,0,PPDB,73.1,,,,,100,1,100,100,100,100,100,0,PPDB,100,,
Pyrazophos,,13457-18-6,Fungicide,FRAC F,FRAC 6 (F2),,,,,,,,,,,,,,,,0,,,,,,0,PPDB,0.25,,
Pyrethrins (cinerin I), ,25402-06-6,Insecticide,IRAC 3,IRAC 3A,,,,,,,,,,,,,,,0.013,1,0.013,0.013,0.013,0.013,0.013,0,PPDB,0.013,,
Pyrethrum,,8003-34-7,NA,NA,NA,,,,,,,,,,,,,,,,,,,,,,,,,,
Pyridaben,,96489-71-3,Insecticide,IRAC 21,IRAC 21A,0.535,1,0.535,0.535,0.535,0.535,0.535,0,PPDB,0.535,,,,,0.024,1,0.024,0.024,0.024,0.024,0.024,0,PPDB,0.024,,
Pyridalyl,,179101-81-6,Insecticide,IRAC UN*,IRAC UN*,100,2,100,100,100,100,100,0,PPDB|OpenFoodTox,100,100,,,,100,1,100,100,100,100,100,0,PPDB,100,,
Pyrimethanil,,53112-28-0,Fungicide,FRAC D,FRAC 9 (D1),100,2,100,100,100,100,100,0,PPDB|OpenFoodTox,100,100,,,,100,1,100,100,100,100,100,0,PPDB,100,,
Pyriproxyfen,,95737-68-1,Insecticide,IRAC 7,IRAC 7C,86.02325267,2,74,80.5,87,93.5,100,26,PPDB|OpenFoodTox,100,74,,,,74,1,74,74,74,74,74,0,PPDB,74,,
Quercetin,,117-39-5,NA,NA,NA,,,,,,,,,,,,,,,,,,,,,,,,,,
Quinalphos,Chinalphos or Diethquinalphion,13593-03-8,Insecticide,IRAC 1,IRAC 1B,,,,,,,,,,,,,,,0.07,1,0.07,0.07,0.07,0.07,0.07,0,PPDB,0.07,,
Quinoxyfen,Quinoline,124495-18-7,Fungicide,FRAC E,FRAC 13 (E1),100,1,100,100,100,100,100,0,PPDB,100,,,,,100,1,100,100,100,100,100,0,PPDB,100,,
Quintozene,PCNB or Terraclor or Pentachloronitrobenzene,82-68-8,Fungicide,FRAC F,FRAC 14 (F3),,,,,,,,,,,,,,,100,1,100,100,100,100,100,0,PPDB,100,,
Resmethrin,Synthrin,10453-86-8,Insecticide,IRAC 3,IRAC 3A,,,,,,,,,,,,,,,0.063,1,0.063,0.063,0.063,0.063,0.063,0,PPDB,0.063,,
"Resmethrin, cis",,10453-86-8,Insecticide,IRAC 3,IRAC 3A,,,,,,,,,,,,,,,0.063,1,0.063,0.063,0.063,0.063,0.063,0,PPDB,0.063,,
"Resmethrin, trans", ,10453-86-8,Insecticide,IRAC 3,IRAC 3A,,,,,,,,,,,,,,,0.063,1,0.063,0.063,0.063,0.063,0.063,0,PPDB,0.063,,
Rotenone,,83-79-4,Insecticide,IRAC 21,IRAC 21B,,,,,,,,,,,,,,,,,,,,,,,,,,
Salicylic acid,,69-72-7,NA,NA,NA,,,,,,,,,,,,,,,,,,,,,,,,,,
Sethoxydim,Cyethoxydim,74051-80-2,Herbicide,HRAC A,HRAC A,,,,,,,,,,,,,,,,0,,,,,,0,PPDB,10,,
Simazine,Permazine or Taphazine,122-34-9,Herbicide,HRAC C1,HRAC C1,,,,,,,,,,,,,,,97,1,97,97,97,97,97,0,PPDB,97,,
Spinetoram,,935545-74-7,Insecticide,IRAC 5,IRAC 5,0.14,1,0.14,0.14,0.14,0.14,0.14,0,PPDB,0.14,,,,,0.024,2,0.024,0.024,0.024,0.024,0.024,0,PPDB| OpenFoodTox,0.024,0.024,
Spinosad,,168316-95-8,Insecticide,IRAC 5,IRAC 5,0.057,1,0.057,0.057,0.057,0.057,0.057,0,PPDB,0.057,,,,,0.0036,1,0.0036,0.0036,0.0036,0.0036,0.0036,0,PPDB,0.0036,,
Spinosyn A,,131929-60-7,Insecticide,IRAC 5,IRAC 5,,,,,,,,,,,,,,,,,,,,,,,,,,
Spinosyn D,,131929-63-0,Insecticide,IRAC 5,IRAC 5,,,,,,,,,,,,,,,,,,,,,,,,,,
Spirodiclofen,,148477-71-8,Varroacide,IRAC 23,IRAC 23,196,2,196,196,196,196,196,0,PPDB|OpenFoodTox,196,196,,,,200,1,200,200,200,200,200,0,PPDB,200,,
Spiromesifen,,283594-90-1,Insecticide,IRAC 23,IRAC 23,792.4,1,792.4,792.4,792.4,792.4,792.4,0,PPDB,792.4,,,,,200,3,200,200,200,200,200,0,PPDB| OpenFoodTox| OpenFoodTox,200,200,200
Spirotetramat,,203313-25-1,Insecticide,IRAC 23,IRAC 23,107.3,2,107.3,107.3,107.3,107.3,107.3,0,PPDB|OpenFoodTox,107.3,107.3,,,,100,2,100,100,100,100,100,0,PPDB| OpenFoodTox,100,100,
Spiroxamine,,118134-30-8,Fungicide,FRAC G,FRAC 5 (G2),100,1,100,100,100,100,100,0,PPDB,100,,,,,4.2,1,4.2,4.2,4.2,4.2,4.2,0,PPDB,4.2,,
Sulfoxaflor,,946578-00-3,Insecticide,IRAC 4,IRAC 4C,0.146,2,0.146,0.146,0.146,0.146,0.146,0,PPDB|OpenFoodTox,0.146,0.146,,,,0.379,1,0.379,0.379,0.379,0.379,0.379,0,PPDB,0.379,,
Tau-fluvalinate,,102851-06-9,Varroacide,IRAC 3,IRAC 3,12.6,2,12.6,12.6,12.6,12.6,12.6,0,PPDB|OpenFoodTox,12.6,12.6,,,,12,2,12,12,12,12,12,0,PPDB| OpenFoodTox,12,12,
Tebuconazole,Fenetrazole or Terbuconazole or Terbutrazole or Ethyltrianol,107534-96-3,Fungicide,FRAC G,FRAC 3 (G1),,0,,,,,,0,PPDB,83.05,,,,,200,2,200,200,200,200,200,0,PPDB| OpenFoodTox,200,200,
Tebufenozide,Tebufenoxide,112410-23-8,Insecticide,IRAC 18,IRAC 18,100,1,100,100,100,100,100,0,PPDB,100,,,,,234,2,234,234,234,234,234,0,PPDB| OpenFoodTox,234,234,
Tebufenpyrad,,119168-77-3,Varroacide,IRAC 21,IRAC 21A,60.3,1,60.3,60.3,60.3,60.3,60.3,0,PPDB,60.3,,,,,6.7,1,6.7,6.7,6.7,6.7,6.7,0,PPDB,6.7,,
Tebuthiuron,,34014-18-1,Herbicide,HRAC C2,HRAC C2,,,,,,,,,,,,,,,,0,,,,,,0,PPDB,30,,
Teflubenzuron,Tefluron,83121-18-0,Insecticide,IRAC 15,IRAC 15,72,1,72,72,72,72,72,0,PPDB,72,,,,,100,1,100,100,100,100,100,0,PPDB,100,,
Tefluthrin,,79538-32-2,Insecticide,IRAC 3,IRAC 3A,1.88,1,1.88,1.88,1.88,1.88,1.88,0,PPDB,1.88,,,,,0.28,1,0.28,0.28,0.28,0.28,0.28,0,PPDB,0.28,,
Tepraloxydim,Caloxydim,149979-41-9,Herbicide,HRAC A,HRAC A,200,1,200,200,200,200,200,0,PPDB,200,,,,,,,,,,,,,,,,
Terbumeton,Terbuthylon or Terbutone,33693-04-8,Herbicide,HRAC C1,HRAC C1,,,,,,,,,,,,,,,,,,,,,,,,,,
Terbumeton-desethyl, ,30125-64-5,Herbicide,HRAC C1,HRAC C1,,,,,,,,,,,,,,,,,,,,,,,,,,
Terbuthylazine,Bellacide,5915-41-3,Herbicide,HRAC C1,HRAC C1,,0,,,,,,0,PPDB,22.6,,,,,,0,,,,,,0,PPDB,32,,
2-hydroxy-terbuthylazine,Hydroxy-terbuthylazine,66753-07-9,Herbicide,HRAC C1,HRAC C1,,,,,,,,,,,,,,,,,,,,,,,,,,
Terbuthylazine-desethyl, ,6190-65-4,Herbicide,HRAC C1,HRAC C1,,,,,,,,,,,,,,,,,,,,,,,,,,
Terbutryn,,886-50-0,Herbicide,HRAC C1,HRAC C1,,,,,,,,,,,,,,,,0,,,,,,0,PPDB,225,,
Tetrachlorvinphos ,Stirofos or CVMP or Dietreen T,22248-79-9,Insecticide,IRAC 1,IRAC 1B,,,,,,,,,,,,,,,,,,,,,,,,,,
Tetraconazole,,112281-77-3,Fungicide,FRAC G,FRAC 3 (G1),130,1,130,130,130,130,130,0,PPDB,130,,,,,63,1,63,63,63,63,63,0,PPDB,63,,
Tetradifon,Tedion or Sulfone,116-29-0,Varroacide,IRAC 12,IRAC 12D,,,,,,,,,,,,,,,,0,,,,,,0,PPDB,11,,
Tetramethrin,Phthalthrin or Neopynamin,7696-12-0,Insecticide,IRAC 3,IRAC 3A,,,,,,,,,,,,,,,,,,,,,,,,,,
Thiabendazole,TBZ or Tebuzate,148-79-8,Fungicide,FRAC B,FRAC 1 (B1),,0,,,,,,0,PPDB,4.0,,,,,,0,,,,,,0,PPDB,34,,
Thiacloprid,,111988-49-9,Insecticide,IRAC 4,IRAC 4A,17.32,1,17.32,17.32,17.32,17.32,17.32,0,PPDB,17.32,,,,,38.82,1,38.82,38.82,38.82,38.82,38.82,0,PPDB,38.82,,
Thiamethoxam,,153719-23-4,Insecticide,IRAC 4,IRAC 4A,0.005616939,2,0.005,0.0053275,0.005655,0.0059825,0.00631,0.00131,PPDB|OpenFoodTox,0.005,0.00631,,,,0.017041127,2,0.0121,0.015075,0.01805,0.021025,0.024,0.0119,PPDB| OpenFoodTox,0.024,0.0121,
Thiodicarb,,59669-26-0,Insecticide,IRAC 1,IRAC 1A,0.153,2,0.153,0.153,0.153,0.153,0.153,0,PPDB|OpenFoodTox,0.153,0.153,,,,3.1,2,3.1,3.1,3.1,3.1,3.1,0,PPDB| OpenFoodTox,3.1,3.1,
Thiophanate-methyl,Banrot,23564-05-8,Fungicide,FRAC B,FRAC 1 (B1),100,1,100,100,100,100,100,0,PPDB,100,,,,,100,1,100,100,100,100,100,0,PPDB,100,,
THPI ,Tetrahydrophthalimide,85-40-5,Fungicide,NA,NA,,,,,,,,,,,,,,,,,,,,,,,,,,
Thymol,,89-83-8,Varroacide,NA,NA,,,,,,,,,,,,,,,,0,,,,,,0,PPDB,200,,
Tolclofos methyl,,57018-04-9,Fungicide,FRAC F,FRAC 14 (F3),,,,,,,,,,,,,,,,0,,,,,,0,PPDB,100,,
Tolfenpyrad,,129558-76-5,Insecticide,IRAC 21,IRAC 21A,,,,,,,,,,,,,,,,,,,,,,,,,,
Transpermethrin,,52341-32-9,Insecticide,IRAC 3,IRAC 3,,,,,,,,,,,,,,,,,,,,,,,,,,
Triadimefon,,43121-43-3,Fungicide,FRAC G,FRAC 3 (G1),,0,,,,,,0,PPDB,25,,,,,,,,,,,,,,,,
Triadimenol,,55219-65-3,Fungicide,FRAC G,FRAC 3 (G1),224.8,1,224.8,224.8,224.8,224.8,224.8,0,PPDB,224.8,,,,,200,2,200,200,200,200,200,0,PPDB| OpenFoodTox,200,200,
Triazamate,,112143-82-5,Insecticide,IRAC 1,IRAC 1A,,,,,,,,,,,,,,,27,1,27,27,27,27,27,0,PPDB,27,,
Triazophos,,24017-47-8,Insecticide,IRAC 1,IRAC 1B,,,,,,,,,,,,,,,59.8,1,59.8,59.8,59.8,59.8,59.8,0,PPDB,59.8,,
Tribufos,"S,s,s-tributyl phosphorotrithioate or DEF or Butifos",78-48-8,Herbicide,NA,NA,,,,,,,,,,,,,,,44.2,1,44.2,44.2,44.2,44.2,44.2,0,PPDB,44.2,,
Trifloxystrobin,,141517-21-7,Fungicide,FRAC C,FRAC 11 (C3),110,2,110,110,110,110,110,0,PPDB|OpenFoodTox,110,110,,,,100,2,100,100,100,100,100,0,PPDB| OpenFoodTox,100,100,
Triflumizole,Trifmine,99387-89-0,Fungicide,FRAC G,FRAC 3 (G1),14,1,14,14,14,14,14,0,PPDB,14,,,,,20,1,20,20,20,20,20,0,PPDB,20,,
Triflumuron,,64628-44-0,Insecticide,IRAC 15,IRAC 15,226,1,226,226,226,226,226,0,PPDB,226,,,,,200,3,200,200,200,200,200,0,PPDB| OpenFoodTox| OpenFoodTox,200,200,200
Trifluralin,Treflan,1582-09-8,Herbicide,HRAC K1,HRAC K1,100,1,100,100,100,100,100,0,PPDB,100,,,,,100,3,100,100,100,100,100,0,PPDB| OpenFoodTox| OpenFoodTox,100,100,100
Triticonazole,,131983-72-7,Fungicide,FRAC G,FRAC 3 (G1),155.5,1,155.5,155.5,155.5,155.5,155.5,0,PPDB,155.5,,,,,100,2,100,100,100,100,100,0,PPDB| OpenFoodTox,100,100,
Tylosin,,1401-69-0,NA,NA,NA,,,,,,,,,,,,,,,,,,,,,,,,,,
Uniconazole-p,,83657-22-1,Herbicide,NA,NA,,,,,,,,,,,,,,,,0,,,,,,0,PPDB,20,,
Verapamil,,52-53-9,NA,NA,NA,,,,,,,,,,,,,,,,,,,,,,,,,,
Vinclozolin,Vorlan,50471-44-8,Fungicide,FRAC E,FRAC 2 (E3),100,1,100,100,100,100,100,0,PPDB,100,,,,,100,1,100,100,100,100,100,0,Ecotox,100,,
Xanthotoxin,Methoxsalen,298-81-7,NA,NA,NA,,,,,,,,,,,,,,,,,,,,,,,,,,
Β-cyfluthrin,,1820573-27-0,Insecticide,IRAC 3,IRAC 3A,0.05,1,0.05,0.05,0.05,0.05,0.05,0,PPDB,0.05,,,,,0.012,1,0.012,0.012,0.012,0.012,0.012,0,PPDB,0.012,,